"Rank","Player","Team","Bye","POS","ESPN","Sleeper","NFL","RTSports","FFC","AVG"
"1","Ja'Marr Chase","CIN","10","WR1","1","1","1","1","","1.2"
"2","Bijan Robinson","ATL","5","RB1","2","4","5","2","","2.8"
"3","Saquon Barkley","PHI","9","RB2","3","2","2","4","","2.8"
"4","Justin Jefferson","MIN","6","WR2","4","3","4","6","","4.6"
"5","Jahmyr Gibbs","DET","8","RB3","5","5","6","3","","4.6"
"6","CeeDee Lamb","DAL","10","WR3","6","7","3","5","","5.2"
"7","Puka Nacua","LAR","8","WR4","8","8","7","10","","8.8"
"8","Amon-Ra St. Brown","DET","8","WR5","9","6","9","11","","9.0"
"9","Ashton Jeanty","LV","8","RB4","10","11","11","8","","9.4"
"10","Christian McCaffrey","SF","14","RB5","7","14","12","7","","9.6"
"11","Malik Nabers","NYG","14","WR6","11","9","10","9","","9.6"
"12","Derrick Henry","BAL","7","RB6","13","10","8","13","","11.4"
"13","De'Von Achane","MIA","12","RB7","12","16","13","12","","13.0"
"14","Nico Collins","HOU","6","WR7","14","12","16","16","","14.4"
"15","Brian Thomas Jr.","JAC","8","WR8","17","13","14","15","","14.8"
"16","Josh Jacobs","GB","5","RB8","18","20","17","14","","17.6"
"17","A.J. Brown","PHI","9","WR9","15","18","15","23","","17.6"
"18","Brock Bowers","LV","8","TE1","19","15","18","20","","18.4"
"19","Drake London","ATL","5","WR10","23","17","20","21","","19.4"
"20","Jonathan Taylor","IND","11","RB9","16","25","21","19","","19.8"
"21","Lamar Jackson","BAL","7","QB1","21","24","19","26","","22.8"
"22","Josh Allen","BUF","7","QB2","20","21","22","28","","23.6"
"23","Bucky Irving","TB","9","RB10","22","19","25","17","","23.8"
"24","Kyren Williams","LAR","8","RB11","24","28","24","22","","23.8"
"25","Ladd McConkey","LAC","12","WR11","29","22","23","27","","24.8"
"26","Trey McBride","ARI","8","TE2","25","23","27","29","","25.8"
"27","Chase Brown","CIN","10","RB12","32","29","34","18","","27.0"
"28","Tyreek Hill","MIA","12","WR12","28","27","37","25","","28.6"
"29","Tee Higgins","CIN","10","WR13","27","30","31","35","","30.2"
"30","James Cook","BUF","7","RB13","31","34","29","30","","31.0"
"31","Jayden Daniels","WAS","12","QB3","26","31","28","33","","33.0"
"32","Breece Hall","NYJ","9","RB14","47","35","30","24","","33.6"
"33","Jaxon Smith-Njigba","SEA","8","WR14","36","26","39","32","","33.6"
"34","Garrett Wilson","NYJ","9","WR15","40","32","36","36","","34.6"
"35","Terry McLaurin","WAS","12","WR16","39","33","26","42","","36.2"
"36","Davante Adams","LAR","8","WR17","34","42","41","34","","36.2"
"37","George Kittle","SF","14","TE3","35","38","38","43","","37.4"
"38","Joe Burrow","CIN","10","QB4","33","41","35","39","","37.4"
"39","Jalen Hurts","PHI","9","QB5","30","39","33","44","","37.8"
"40","Alvin Kamara","NO","11","RB15","38","43","46","31","","39.0"
"41","Marvin Harrison Jr.","ARI","8","WR18","41","36","43","38","","39.2"
"42","Kenneth Walker III","SEA","8","RB16","37","45","42","41","","39.8"
"43","Mike Evans","TB","9","WR19","43","37","32","48","","40.0"
"44","Rashee Rice","KC","10","WR20","54","40","40","47","","44.6"
"45","Omarion Hampton","LAC","12","RB17","44","44","50","37","","45.0"
"46","Chuba Hubbard","CAR","14","RB18","46","47","52","40","","46.0"
"47","Joe Mixon","HOU","6","RB19","50","49","45","51","","48.2"
"48","DJ Moore","CHI","5","WR21","52","46","48","46","","48.6"
"49","James Conner","ARI","8","RB20","49","52","49","50","","49.6"
"50","DK Metcalf","PIT","5","WR22","45","48","59","54","","51.0"
"51","Sam LaPorta","DET","8","TE4","42","50","44","62","","51.4"
"52","Courtland Sutton","DEN","12","WR23","60","51","55","53","","54.2"
"53","Patrick Mahomes II","KC","10","QB6","48","59","47","63","","55.6"
"54","DeVonta Smith","PHI","9","WR24","62","53","53","58","","56.0"
"55","Xavier Worthy","KC","10","WR25","51","55","67","71","","57.6"
"56","David Montgomery","DET","8","RB21","59","56","64","59","","58.8"
"57","D'Andre Swift","CHI","5","RB22","58","76","60","45","","59.4"
"58","RJ Harvey","DEN","12","RB23","73","60","70","49","","61.0"
"59","Zay Flowers","BAL","7","WR26","56","54","69","64","","61.2"
"60","Travis Hunter","JAC","8","WR27","61","62","58","72","","62.0"
"61","Jameson Williams","DET","8","WR28","68","58","54","67","","62.2"
"62","TreVeyon Henderson","NE","14","RB24","74","65","66","52","","62.4"
"63","T.J. Hockenson","MIN","6","TE5","53","57","51","77","","63.6"
"64","Travis Kelce","KC","10","TE6","57","69","57","66","","64.0"
"65","Aaron Jones Sr.","MIN","6","RB25","65","70","74","56","","65.0"
"66","Isiah Pacheco","KC","10","RB26","75","64","62","60","","67.4"
"67","Baker Mayfield","TB","9","QB7","55","72","61","76","","67.8"
"68","George Pickens","DAL","10","WR29","63","61","77","74","","68.8"
"69","Tetairoa McMillan","CAR","14","WR30","77","63","78","57","","69.0"
"70","Calvin Ridley","TEN","10","WR31","64","75","71","70","","69.6"
"71","Kaleb Johnson","PIT","5","RB27","72","80","80","55","","70.4"
"72","Tony Pollard","TEN","10","RB28","81","77","82","61","","73.4"
"73","Jerry Jeudy","CLE","9","WR32","70","73","101","69","","75.0"
"74","Jaylen Waddle","MIA","12","WR33","67","66","88","79","","75.6"
"75","Chris Godwin","TB","9","WR34","91","74","84","68","","76.8"
"76","Bo Nix","DEN","12","QB8","66","78","65","87","","77.2"
"77","Mark Andrews","BAL","7","TE7","71","81","56","96","","77.6"
"78","Chris Olave","NO","11","WR35","87","67","87","75","","78.6"
"79","Jordan Addison","MIN","6","WR36","90","71","90","86","","81.8"
"80","Quinshon Judkins","CLE","9","RB29","118","68","86","73","","83.8"
"81","Rome Odunze","CHI","5","WR37","76","79","93","89","","84.0"
"82","Brian Robinson Jr.","WAS","12","RB30","94","85","91","78","","84.2"
"83","Evan Engram","DEN","12","TE8","80","89","75","90","","87.2"
"84","Deebo Samuel Sr.","WAS","12","WR38","96","86","97","82","","88.0"
"85","David Njoku","CLE","9","TE9","69","95","85","109","","88.6"
"86","Tyrone Tracy Jr.","NYG","14","RB31","97","84","103","65","","88.8"
"87","Cooper Kupp","SEA","8","WR39","78","88","106","85","","89.0"
"88","Kyler Murray","ARI","8","QB9","79","96","81","99","","89.2"
"89","Stefon Diggs","NE","14","WR40","88","90","95","91","","90.2"
"90","Khalil Shakir","BUF","7","WR41","100","83","99","97","","92.2"
"91","Cam Skattebo","NYG","14","RB32","95","102","98","83","","94.4"
"92","Jaylen Warren","PIT","5","RB33","101","91","109","80","","94.6"
"93","Jauan Jennings","SF","14","WR42","102","93","108","88","","95.4"
"94","Jakobi Meyers","LV","8","WR43","89","82","124","104","","96.0"
"95","Travis Etienne Jr.","JAC","8","RB34","116","92","114","84","","99.8"
"96","Matthew Golden","GB","5","WR44","84","97","125","94","","100.8"
"97","Javonte Williams","DAL","10","RB35","92","105","139","81","","102.6"
"98","Ricky Pearsall","SF","14","WR45","110","103","119","103","","104.8"
"99","Justin Fields","NYJ","9","QB10","117","126","63","119","","106.8"
"100","Jayden Reed","GB","5","WR46","113","99","122","106","","107.8"
"101","Jonnu Smith","PIT","5","TE10","154","87","72","130","","108.2"
"102","Rhamondre Stevenson","NE","14","RB36","103","111","120","102","","108.8"
"103","Brock Purdy","SF","14","QB11","86","107","104","125","","110.2"
"104","Dak Prescott","DAL","10","QB12","104","123","123","105","","110.4"
"105","Najee Harris","LAC","12","RB37","155","100","112","92","","111.8"
"106","Jared Goff","DET","8","QB13","124","94","100","111","","112.0"
"107","Tyler Warren","IND","11","TE11","128","98","107","110","","112.2"
"108","Brandon Aubrey","DAL","10","K1","98","149","73","132","","113.2"
"109","Caleb Williams","CHI","5","QB14","114","119","110","98","","113.2"
"110","Colston Loveland","CHI","5","TE12","112","108","117","107","","114.8"
"111","Tucker Kraft","GB","5","TE13","119","117","118","116","","116.4"
"112","Jordan Mason","MIN","6","RB38","137","112","145","93","","119.4"
"113","Justin Herbert","LAC","12","QB15","99","106","126","128","","119.4"
"114","Brandon Aiyuk","SF","14","WR47","163","101","116","114","","120.0"
"115","Zach Charbonnet","SEA","8","RB39","145","113","156","95","","122.4"
"116","Keon Coleman","BUF","7","WR48","105","118","143","136","","122.6"
"117","J.K. Dobbins","DEN","12","RB40","109","129","161","101","","123.4"
"118","Michael Pittman Jr.","IND","11","WR49","111","114","177","113","","124.4"
"119","Josh Downs","IND","11","WR50","159","104","135","120","","124.6"
"120","Rachaad White","TB","9","RB41","127","131","138","117","","125.2"
"121","Darnell Mooney","ATL","5","WR51","126","110","166","124","","125.4"
"122","Emeka Egbuka","TB","9","WR52","122","109","160","122","","126.6"
"123","Cameron Dicker","LAC","12","K2","115","150","79","150","","127.0"
"124","Tyjae Spears","TEN","10","RB42","132","120","174","100","","129.4"
"125","Dalton Kincaid","BUF","7","TE14","130","115","129","141","","132.4"
"126","Jaydon Blue","DAL","10","RB43","153","132","149","108","","133.0"
"127","Jake Bates","DET","8","K3","93","151","102","162","","135.0"
"128","Austin Ekeler","WAS","12","RB44","123","145","168","121","","135.8"
"129","Jordan Love","GB","5","QB16","133","122","140","148","","137.0"
"130","Bhayshul Tuten","JAC","8","RB45","148","136","154","123","","137.0"
"131","Dallas Goedert","PHI","9","TE15","121","125","130","158","","138.4"
"132","C.J. Stroud","HOU","6","QB17","146","124","136","147","","142.0"
"133","Isaac Guerendo","SF","14","RB46","167","139","176","118","","143.0"
"134","Drake Maye","NE","14","QB18","156","134","147","140","","145.0"
"135","Tank Bigsby","JAC","8","RB47","136","140","209","115","","145.2"
"136","J.J. McCarthy","MIN","6","QB19","134","137","153","139","","145.2"
"137","Tre' Harris","LAC","12","WR53","162","128","158","138","","145.8"
"138","Jake Ferguson","DAL","10","TE16","139","121","155","133","","146.4"
"139","Jayden Higgins","HOU","6","WR54","131","116","204","131","","147.6"
"140","Rashid Shaheed","NO","11","WR55","129","130","179","169","","150.4"
"141","Chase McLaughlin","TB","9","K4","108","181","113","176","","152.6"
"142","Marquise Brown","KC","10","WR56","161","159","115","155","","152.6"
"143","Marvin Mims Jr.","DEN","12","WR57","160","133","172","135","","156.0"
"144","Jack Bech","LV","8","WR58","144","143","219","143","","156.6"
"145","Chris Boswell","PIT","5","K5","138","152","68","213","","157.0"
"146","Ka'imi Fairbairn","HOU","6","K6","170","156","92","171","","157.6"
"147","Isaiah Likely","BAL","7","TE17","177","142","151","164","","157.8"
"148","Trey Benson","ARI","8","RB48","164","155","225","126","","159.4"
"149","Nick Chubb","HOU","6","RB49","166","158","192","129","","161.0"
"150","Luther Burden III","CHI","5","WR59","179","135","213","166","","162.4"
"151","Zach Ertz","WAS","12","TE18","169","147","167","167","","162.4"
"152","Tyler Allgeier","ATL","5","RB50","168","165","170","144","","164.2"
"153","Christian Kirk","HOU","6","WR60","234","141","169","163","","164.6"
"154","Ray Davis","BUF","7","RB51","200","157","216","127","","167.0"
"155","Tua Tagovailoa","MIA","12","QB20","174","188","190","153","","167.4"
"156","Trevor Lawrence","JAC","8","QB21","185","160","189","156","","168.6"
"157","Harrison Butker","KC","10","K7","151","153","144","191","","169.0"
"158","Jerome Ford","CLE","9","RB52","152","170","247","112","","170.0"
"159","Tyler Bass","BUF","7","K8","147","154","131","236","","172.4"
"160","Rashod Bateman","BAL","7","WR61","192","144","183","194","","174.4"
"161","Michael Penix Jr.","ATL","5","QB22","184","163","184","179","","174.8"
"162","Jason Sanders","MIA","12","K9","150","225","111","218","","175.8"
"163","Xavier Legette","CAR","14","WR62","157","174","202","178","","176.4"
"164","Adam Thielen","CAR","14","WR63","158","164","208","184","","178.0"
"165","Cameron Ward","TEN","10","QB23","165","146","162","229","","178.8"
"166","Pat Freiermuth","PIT","5","TE19","194","171","178","207","","180.8"
"167","Matthew Stafford","LAR","8","QB24","172","173","159","193","","181.4"
"168","Kyle Williams","NE","14","WR64","195","138","212","196","","182.6"
"169","Kareem Hunt","KC","10","RB53","199","191","201","159","","183.0"
"170","Braelon Allen","NYJ","9","RB54","233","178","236","134","","185.0"
"171","Denver Broncos","DST","12","DST1","83","","83","137","","107.8"
"172","Rico Dowdle","CAR","14","RB55","254","148","206","142","","187.4"
"173","Jaylen Wright","MIA","12","RB56","238","175","231","145","","188.2"
"174","Dylan Sampson","CLE","9","RB57","188","167","264","149","","190.2"
"175","Wil Lutz","DEN","12","K10","201","262","128","177","","193.8"
"176","Roschon Johnson","CHI","5","RB58","210","179","274","175","","195.0"
"177","Brenton Strange","JAC","8","TE20","220","168","245","173","","195.2"
"178","Cedric Tillman","CLE","9","WR65","189","166","308","172","","196.2"
"179","Jalen McMillan","TB","9","WR66","231","162","214","187","","196.8"
"180","Darren Waller","MIA","12","TE21","197","224","173","204","","197.4"
"181","Philadelphia Eagles","DST","9","DST2","120","","94","151","","125.3"
"182","Wan'Dale Robinson","NYG","14","WR67","216","169","249","186","","201.6"
"183","Romeo Doubs","GB","5","WR68","232","194","227","183","","203.0"
"184","Evan McPherson","CIN","10","K11","190","185","188","248","","203.2"
"185","Baltimore Ravens","DST","7","DST3","106","","121","170","","132.5"
"186","Quentin Johnston","LAC","12","WR69","198","177","255","221","","205.8"
"187","Pittsburgh Steelers","DST","5","DST4","85","","132","165","","133.3"
"188","Justice Hill","BAL","7","RB59","236","204","233","160","","209.0"
"189","Anthony Richardson Sr.","IND","11","QB25","213","202","221","232","","210.0"
"190","Buffalo Bills","DST","7","DST5","149","","96","154","","140.0"
"191","MarShawn Lloyd","GB","5","RB60","250","215","266","182","","212.6"
"192","Kyle Pitts Sr.","ATL","5","TE22","","127","142","146","","145.8"
"193","Houston Texans","DST","6","DST6","82","","141","161","","148.3"
"194","Minnesota Vikings","DST","6","DST7","107","","148","174","","156.3"
"195","Hunter Henry","NE","14","TE23","171","161","175","157","","166.0"
"196","Will Shipley","PHI","9","RB61","256","207","336","190","","236.0"
"197","Jake Elliott","PHI","9","K12","140","184","133","230","","171.8"
"198","Detroit Lions","DST","8","DST8","125","","150","222","","176.0"
"199","Raheem Mostert","LV","8","RB62","375","228","229","210","","243.8"
"200","Dallas Cowboys","DST","10","DST9","186","","157","197","","180.3"
"201","Kansas City Chiefs","DST","10","DST10","182","","137","192","","180.5"
"202","DeAndre Hopkins","BAL","7","WR70","212","180","186","152","","182.5"
"203","Bryce Young","CAR","14","QB26","191","187","185","181","","186.0"
"204","Keenan Allen","","","WR71","303","200","343","205","","249.8"
"205","Joshua Palmer","BUF","7","WR72","418","189","239","226","","253.8"
"206","Green Bay Packers","DST","5","DST11","187","","193","234","","195.0"
"207","Cade Otton","TB","9","TE24","206","190","195","189","","195.0"
"208","Tyler Loop","BAL","7","K13","141","182","215","251","","197.3"
"209","Zack Moss","","","RB63","","243","196","202","","197.5"
"210","Matt Gay","WAS","12","K14","176","","180","241","","199.3"
"211","Sam Darnold","SEA","8","QB27","211","199","200","200","","202.5"
"212","Younghoe Koo","ATL","5","K15","196","183","171","264","","203.5"
"213","Mike Gesicki","CIN","10","TE25","204","172","246","195","","204.3"
"214","Aaron Rodgers","PIT","5","QB28","202","197","198","223","","205.0"
"215","Geno Smith","LV","8","QB29","219","196","199","209","","205.8"
"216","Los Angeles Chargers","DST","12","DST12","222","","152","258","","211.3"
"217","Chig Okonkwo","TEN","10","TE26","203","203","235","206","","211.8"
"218","Mason Taylor","NYJ","9","TE27","244","176","248","199","","216.8"
"219","Daniel Carlson","LV","8","K16","215","264","163","257","","224.8"
"220","Dalton Schultz","HOU","6","TE28","230","206","224","240","","225.0"
"221","Blake Corum","LAR","8","RB64","253","193","241","217","","226.0"
"222","Elijah Mitchell","KC","10","RB65","","272","270","188","","230.8"
"223","Will Reichard","MIN","6","K17","218","265","197","256","","234.0"
"224","Elijah Arroyo","SEA","8","TE29","226","205","288","233","","238.0"
"225","Brashard Smith","KC","10","RB66","","212","340","201","","239.3"
"226","Jake Moody","SF","14","K18","228","263","203","267","","240.3"
"227","Russell Wilson","NYG","14","QB30","243","234","232","254","","240.8"
"228","Miles Sanders","DAL","10","RB67","283","226","253","203","","241.3"
"229","San Francisco 49ers","DST","14","DST13","178","","76","225","","159.7"
"230","Dont'e Thornton Jr.","LV","8","WR73","288","186","275","252","","250.3"
"231","Chicago Bears","DST","5","DST14","208","","89","244","","180.3"
"232","Jarquez Hunter","LAR","8","RB68","","201","509","180","","269.0"
"233","Arizona Cardinals","DST","8","DST15","180","","146","250","","192.0"
"234","Isaac TeSlaa","DET","8","WR74","291","250","265","271","","269.3"
"235","New York Giants","DST","14","DST16","181","","191","208","","193.3"
"236","Seattle Seahawks","DST","8","DST17","135","","181","266","","194.0"
"237","Cincinnati Bengals","DST","10","DST18","225","","105","255","","195.0"
"238","Tampa Bay Buccaneers","DST","9","DST19","193","","134","265","","197.3"
"239","New England Patriots","DST","14","DST20","142","","187","263","","197.3"
"240","Kendre Miller","NO","11","RB69","","255","395","246","","272.8"
"241","DeMario Douglas","NE","14","WR75","392","195","296","215","","274.5"
"242","Dontayvion Wicks","GB","5","WR76","314","249","287","261","","277.8"
"243","Cleveland Browns","DST","9","DST21","224","","127","262","","204.3"
"244","Washington Commanders","DST","12","DST22","214","","164","243","","207.0"
"245","Los Angeles Rams","DST","8","DST23","217","","194","216","","209.0"
"246","Brandon McManus","GB","5","K19","209","","207","219","","211.7"
"247","New York Jets","DST","9","DST24","175","","205","260","","213.3"
"248","Shedeur Sanders","CLE","9","QB31","205","227","218","","","216.7"
"249","Calvin Austin III","PIT","5","WR77","434","198","261","259","","288.0"
"250","Taysom Hill","NO","11","TE30","270","","257","","","222.0"
"251","Joshua Karty","LAR","8","K20","207","","210","249","","222.0"
"252","Jaleel McLaughlin","DEN","12","RB70","","260","165","245","","223.3"
"253","Tyler Lockett","TEN","10","WR78","227","214","230","","","223.7"
"254","Trevor Etienne","CAR","14","RB71","","","258","212","","226.0"
"255","Alec Pierce","IND","11","WR79","","208","244","228","","226.7"
"256","Jaxson Dart","NYG","14","QB32","221","229","250","","","233.3"
"257","Kyle Monangai","CHI","5","RB72","","221","328","168","","239.0"
"258","Cole Kmet","CHI","5","TE31","241","248","228","","","239.0"
"259","Amari Cooper","","","WR80","285","220","448","270","","305.8"
"260","Pat Bryant","DEN","12","WR81","404","192","408","238","","310.5"
"261","DJ Giddens","IND","11","RB73","","211","329","214","","251.3"
"262","Jalen Coker","CAR","14","WR82","","216","337","","","251.7"
"263","Noah Gray","KC","10","TE32","261","244","251","","","252.0"
"264","Darius Slayton","NYG","14","WR83","","233","306","220","","253.0"
"265","Tyler Higbee","LAR","8","TE33","248","253","262","","","254.3"
"266","Tyler Conklin","LAC","12","TE34","","259","282","239","","260.0"
"267","Terrance Ferguson","LAR","8","TE35","264","213","305","","","260.7"
"268","Ollie Gordon II","MIA","12","RB74","","254","318","211","","261.0"
"269","Jalen Milroe","SEA","8","QB33","259","268","267","","","264.7"
"270","Jacory Croskey-Merritt","WAS","12","RB75","435","232","414","","","324.0"
"271","Diontae Johnson","CLE","9","WR84","","257","283","268","","269.3"
"272","Adonai Mitchell","IND","11","WR85","","245","374","","","274.0"
"273","Dyami Brown","JAC","8","WR86","","231","368","224","","274.3"
"274","Justin Tucker","","","K21","223","266","342","","","277.0"
"275","Keaton Mitchell","BAL","7","RB76","","239","355","242","","278.7"
"276","Devin Neal","NO","11","RB77","","210","442","185","","279.0"
"277","Theo Johnson","NYG","14","TE36","298","230","315","","","281.0"
"278","Jaylin Noel","HOU","6","WR87","","209","409","231","","283.0"
"279","Tahj Brooks","CIN","10","RB78","465","246","407","237","","338.8"
"280","Tyler Shough","NO","11","QB34","308","240","309","","","285.7"
"281","Indianapolis Colts","DST","11","DST25","173","","220","","","196.5"
"282","Cairo Santos","CHI","5","K22","183","","223","","","203.0"
"283","Jason Myers","SEA","8","K23","235","","182","","","208.5"
"284","Audric Estime","DEN","12","RB79","334","261","325","","","306.7"
"285","Woody Marks","HOU","6","RB80","","251","441","235","","309.0"
"286","Miami Dolphins","DST","12","DST26","229","","211","","","220.0"
"287","Jalen Royals","KC","10","WR88","316","217","410","","","314.3"
"288","Ja'Tavion Sanders","CAR","14","TE37","458","219","271","","","316.0"
"289","Joe Flacco","CLE","9","QB35","368","270","311","","","316.3"
"290","A.J. Dillon","PHI","9","RB81","433","","292","227","","317.3"
"291","Atlanta Falcons","DST","5","DST27","239","","217","","","228.0"
"292","Roman Wilson","PIT","5","WR89","284","238","434","","","318.7"
"293","Las Vegas Raiders","DST","8","DST28","240","","222","","","231.0"
"294","Jacksonville Jaguars","DST","8","DST29","242","","243","","","242.5"
"295","Cam Little","JAC","8","K24","260","","226","","","243.0"
"296","New Orleans Saints","DST","11","DST30","247","","242","","","244.5"
"297","Carolina Panthers","DST","14","DST31","237","","256","","","246.5"
"298","KaVontae Turpin","DAL","10","WR90","258","","238","","","248.0"
"299","Tank Dell","HOU","6","WR91","266","","237","","","251.5"
"300","Blake Grupe","NO","11","K25","271","","234","","","252.5"
"301","Juwan Johnson","NO","11","TE38","","236","269","","","252.5"
"302","Andrei Iosivas","CIN","10","WR92","","235","278","","","256.5"
"303","Graham Gano","NYG","14","K26","245","","268","","","256.5"
"304","Tennessee Titans","DST","10","DST32","255","","259","","","257.0"
"305","Elic Ayomanor","TEN","10","WR93","","218","302","","","260.0"
"306","Andy Borregales","NE","14","K27","246","","276","","","261.0"
"307","Xavier Restrepo","TEN","10","WR94","401","242","378","","","340.3"
"308","Dawson Knox","BUF","7","TE39","263","","260","","","261.5"
"309","Michael Wilson","ARI","8","WR95","","222","303","","","262.5"
"310","Savion Williams","GB","5","WR96","390","","642","","","390.7"
"311","Sean Tucker","TB","9","RB82","","","335","198","","266.5"
"312","Kayshon Boutte","NE","14","WR97","391","274","372","","","345.7"
"313","Dustin Hopkins","CLE","9","K28","252","","290","","","271.0"
"314","Jahan Dotson","PHI","9","WR98","257","","286","","","271.5"
"315","Chad Ryland","ARI","8","K29","280","","263","","","271.5"
"316","Tutu Atwell","LAR","8","WR99","","256","293","","","274.5"
"317","Marquez Valdes-Scantling","SEA","8","WR100","","269","281","","","275.0"
"318","Michael Mayer","LV","8","TE40","","273","279","","","276.0"
"319","Daniel Jones","IND","11","QB36","","237","319","","","278.0"
"320","Harold Fannin Jr.","CLE","9","TE41","311","247","504","","","354.0"
"321","Ray-Ray McCloud III","ATL","5","WR101","","","312","247","","279.5"
"322","Antonio Gibson","NE","14","RB83","","","307","253","","280.0"
"323","Kirk Cousins","ATL","5","QB37","289","","272","","","280.5"
"324","Jordan James","SF","14","RB84","","223","341","","","282.0"
"325","Parker Romo","NE","14","K30","265","","300","","","282.5"
"326","Christian Watson","GB","5","WR102","","271","294","","","282.5"
"327","JuJu Smith-Schuster","KC","10","WR103","286","","280","","","283.0"
"328","Elijah Moore","BUF","7","WR104","279","","289","","","284.0"
"329","Luke McCaffrey","WAS","12","WR105","269","","301","","","285.0"
"330","AJ Barner","SEA","8","TE42","275","","297","","","286.0"
"331","Joey Slye","TEN","10","K31","290","","284","","","287.0"
"332","Will Howard","PIT","5","QB38","268","","310","","","289.0"
"333","Tim Patrick","DET","8","WR106","293","","291","","","292.0"
"334","Luke Musgrave","GB","5","TE43","273","","314","","","293.5"
"335","Jimmy Horn Jr.","CAR","14","WR107","276","","317","","","296.5"
"336","Joe Milton III","DAL","10","QB39","278","","326","","","302.0"
"337","Darnell Washington","PIT","5","TE44","313","","304","","","308.5"
"338","Oronde Gadsden II","LAC","12","TE45","352","267","512","","","377.0"
"339","Harrison Mevis","NYJ","9","K32","282","","338","","","310.0"
"340","Hunter Renfrow","CAR","14","WR108","262","","363","","","312.5"
"341","Grant Calcaterra","PHI","9","TE46","315","","313","","","314.0"
"342","Deshaun Watson","CLE","9","QB40","272","","359","","","315.5"
"343","Spencer Shrader","IND","11","K33","306","","327","","","316.5"
"344","Austin Hooper","NE","14","TE47","292","","346","","","319.0"
"345","Joshua Dobbs","NE","14","QB41","267","","383","","","325.0"
"346","Ryan Fitzgerald","CAR","14","K34","274","","377","","","325.5"
"347","Mitchell Trubisky","BUF","7","QB42","294","","358","","","326.0"
"348","Brock Wright","DET","8","TE48","337","","323","","","330.0"
"349","Jalen Nailor","MIN","6","WR109","340","","324","","","332.0"
"350","Will Dissly","LAC","12","TE49","366","","299","","","332.5"
"351","Luke Schoonmaker","DAL","10","TE50","296","","370","","","333.0"
"352","Tory Horton","SEA","8","WR110","","258","412","","","335.0"
"353","Ben Sinnott","WAS","12","TE51","","241","435","","","338.0"
"354","Jake Bobo","SEA","8","WR111","281","","401","","","341.0"
"355","Jordan Whittington","LAR","8","WR112","","252","432","","","342.0"
"356","Deuce Vaughn","DAL","10","RB85","351","","333","","","342.0"
"357","Jude McAtamney","NYG","14","K35","249","","438","","","343.5"
"358","Josh Oliver","MIN","6","TE52","300","","387","","","343.5"
"359","Tanner McKee","PHI","9","QB43","317","","373","","","345.0"
"360","Mac Jones","SF","14","QB44","330","","367","","","348.5"
"361","Jalin Hyatt","NYG","14","WR113","302","","396","","","349.0"
"362","J.J. Taylor","HOU","6","RB86","338","","366","","","352.0"
"363","Troy Franklin","DEN","12","WR114","307","","402","","","354.5"
"364","Malik Willis","GB","5","QB45","322","","391","","","356.5"
"365","Darrynton Evans","BUF","7","RB87","358","","364","","","361.0"
"366","Frank Gore Jr.","BUF","7","RB88","363","","375","","","369.0"
"367","Kyle Juszczyk","SF","14","RB89","","","240","","","240.0"
"368","Kalif Raymond","DET","8","WR115","393","","348","","","370.5"
"369","Ty Chandler","MIN","6","RB90","349","","392","","","370.5"
"370","Odell Beckham Jr.","","","WR116","295","","447","","","371.0"
"371","Mack Hollins","NE","14","WR117","325","","417","","","371.0"
"372","Kendrick Bourne","NE","14","WR118","326","","419","","","372.5"
"373","Robert Woods","PIT","5","WR119","365","","380","","","372.5"
"374","Jameis Winston","NYG","14","QB46","402","","344","","","373.0"
"375","Jordan Travis","","","QB47","251","","","","","251.0"
"376","Greg Joseph","SF","14","K36","400","","350","","","375.0"
"377","Noah Fant","","","TE53","","","252","","","252.0"
"378","Carson Steele","KC","10","RB91","346","","406","","","376.0"
"379","Devin Singletary","NYG","14","RB92","","","254","","","254.0"
"380","Daniel Bellinger","NYG","14","TE54","331","","427","","","379.0"
"381","Tylan Wallace","BAL","7","WR120","372","","389","","","380.5"
"382","Patrick Ricard","BAL","7","RB93","377","","385","","","381.0"
"383","Hendon Hooker","DET","8","QB48","336","","429","","","382.5"
"384","Adam Trautman","DEN","12","TE55","341","","425","","","383.0"
"385","Craig Reynolds","DET","8","RB94","344","","423","","","383.5"
"386","Olamide Zaccheaus","CHI","5","WR121","379","","388","","","383.5"
"387","Julian Hill","MIA","12","TE56","370","","399","","","384.5"
"388","Devaughn Vele","DEN","12","WR122","415","","356","","","385.5"
"389","Jalen Tolbert","DAL","10","WR123","","","273","","","273.0"
"390","Dameon Pierce","HOU","6","RB95","","","277","","","277.0"
"391","Scott Matlock","LAC","12","DT1","277","","","","","277.0"
"392","Zamir White","LV","8","RB96","305","","478","","","391.5"
"393","Kenneth Gainwell","PIT","5","RB97","","","285","","","285.0"
"394","John Samuel Shenker","","","TE57","287","","","","","287.0"
"395","Tommy DeVito","NYG","14","QB49","299","","490","","","394.5"
"396","Mecole Hardman Jr.","GB","5","WR124","427","","362","","","394.5"
"397","Mo Alie-Cox","IND","11","TE58","406","","384","","","395.0"
"398","Tre Tucker","LV","8","WR125","","","295","","","295.0"
"399","Zane Gonzalez","","","K37","297","","","","","297.0"
"400","Brandin Cooks","NO","11","WR126","","","298","","","298.0"
"401","Tyson Bagent","CHI","5","QB50","301","","718","","","509.5"
"402","Nathan Rourke","","","QB51","304","","","","","304.0"
"403","Matthew Wright","CAR","14","K38","488","","321","","","404.5"
"404","Tai Felton","MIN","6","WR127","310","","510","","","410.0"
"405","Baylor Cupp","","","TE59","312","","","","","312.0"
"406","Ainias Smith","PHI","9","WR128","","","316","","","316.0"
"407","Tommy Tremble","CAR","14","TE60","461","","354","","","407.5"
"408","Sione Vaki","DET","8","RB98","412","","403","","","407.5"
"409","Max Duggan","","","QB52","318","","","","","318.0"
"410","Quinn Ewers","MIA","12","QB53","319","","648","","","483.5"
"411","Alexander Mattison","MIA","12","RB99","","","320","","","320.0"
"412","Jacob Kibodi","","","RB100","320","","","","","320.0"
"413","Brandon Allen","TEN","10","QB54","369","","451","","","410.0"
"414","Jermar Jefferson","TEN","10","RB101","321","","690","","","505.5"
"415","Nick Westbrook-Ikhine","MIA","12","WR129","","","322","","","322.0"
"416","Demarcus Robinson","SF","14","WR130","474","","347","","","410.5"
"417","Lucas Havrisik","","","K39","323","","","","","323.0"
"418","Jermaine Jackson","","","WR131","324","","","","","324.0"
"419","John Ross","","","WR132","327","","","","","327.0"
"420","Anthony Brown Jr.","","","QB55","328","","","","","328.0"
"421","Aaron Shampklin","","","RB102","329","","","","","329.0"
"422","Samaje Perine","CIN","10","RB103","","","330","","","330.0"
"423","Allen Lazard","NYJ","9","WR133","","","331","","","331.0"
"424","Ty Johnson","BUF","7","RB104","","","332","","","332.0"
"425","Ben DiNucci","","","QB56","332","","","","","332.0"
"426","Ryan Tannehill","","","QB57","333","","","","","333.0"
"427","Emanuel Wilson","GB","5","RB105","","","334","","","334.0"
"428","Carson Wentz","","","QB58","335","","519","","","427.0"
"429","Jarrett Stidham","DEN","12","QB59","484","","353","","","418.5"
"430","Dorian Thompson-Robinson","PHI","9","QB60","339","","","","","339.0"
"431","John Hoyland","BAL","7","K40","","","339","","","339.0"
"432","Jonathan Mingo","DAL","10","WR134","355","","483","","","419.0"
"433","Andy Dalton","CAR","14","QB61","482","","357","","","419.5"
"434","Zach Wilson","MIA","12","QB62","342","","698","","","520.0"
"435","Sterling Shepard","TB","9","WR135","","","345","","","345.0"
"436","Brayden Narveson","","","K41","345","","","","","345.0"
"437","Mason Crosby","","","K42","347","","","","","347.0"
"438","Ezekiel Elliott","","","RB106","348","","","","","348.0"
"439","Curtis Samuel","BUF","7","WR136","","","349","","","349.0"
"440","Cooper Rush","BAL","7","QB63","395","","453","","","424.0"
"441","Tez Johnson","TB","9","WR137","405","","443","","","424.0"
"442","Equanimeous St. Brown","SF","14","WR138","350","","","","","350.0"
"443","Drew Lock","SEA","8","QB64","","","351","","","351.0"
"444","Drew Sample","CIN","10","TE61","","","352","","","352.0"
"445","Damien Martinez","SEA","8","RB107","439","","413","","","426.0"
"446","Rondale Moore","MIN","6","WR139","353","","699","","","526.0"
"447","Case Keenum","CHI","5","QB65","354","","","","","354.0"
"448","Tanner Brown","","","K43","356","","","","","356.0"
"449","Dalvin Cook","","","RB108","357","","","","","357.0"
"450","Mitchell Evans","CAR","14","TE62","359","","632","","","495.5"
"451","Noah Brown","WAS","12","WR140","","","360","","","360.0"
"452","Jaren Hall","","","QB66","360","","","","","360.0"
"453","David Moore","CAR","14","WR141","","","361","","","361.0"
"454","Kyle McCord","PHI","9","QB67","361","","658","","","509.5"
"455","Jeremy Ruckert","NYJ","9","TE63","362","","708","","","535.0"
"456","KeAndre Lambert-Smith","LAC","12","WR142","364","","789","","","576.5"
"457","Clyde Edwards-Helaire","NO","11","RB109","","","365","","","365.0"
"458","Raheim Sanders","LAC","12","RB110","367","","790","","","578.5"
"459","Connor Heyward","PIT","5","TE64","","","369","","","369.0"
"460","Elijah Higgins","ARI","8","TE65","","","371","","","371.0"
"461","Phil Mafah","DAL","10","RB111","373","","766","","","569.5"
"462","Stetson Bennett IV","LAR","8","QB68","374","","583","","","478.5"
"463","Lenny Krieg","ATL","5","K44","","","376","","","376.0"
"464","Lil'Jordan Humphrey","NYG","14","WR143","376","","532","","","454.0"
"465","Matt Barkley","","","QB69","378","","","","","378.0"
"466","Devontez Walker","BAL","7","WR144","382","","495","","","438.5"
"467","Mitch Van Vooren","","","WR145","","","379","","","379.0"
"468","Charlie Kolar","BAL","7","TE66","380","","563","","","471.5"
"469","AJ McCarron","","","QB70","381","","","","","381.0"
"470","Jimmy Garoppolo","LAR","8","QB71","","","381","","","381.0"
"471","Marcus Mariota","WAS","12","QB72","","","382","","","382.0"
"472","Dallin Holker","","","TE67","383","","753","","","568.0"
"473","Kyle Allen","DET","8","QB73","384","","527","","","455.5"
"474","Teddy Bridgewater","","","QB74","385","","","","","385.0"
"475","Justin Watson","HOU","6","WR146","","","386","","","386.0"
"476","Cole Fotheringham","","","TE68","386","","","","","386.0"
"477","Matt Corral","","","QB75","387","","","","","387.0"
"478","Arian Smith","NYJ","9","WR147","388","","786","","","587.0"
"479","Bailey Zappe","KC","10","QB76","389","","707","","","548.0"
"480","Cade York","","","K45","","","390","","","390.0"
"481","Avery Williams","PHI","9","RB112","422","","469","","","445.5"
"482","Tyrion Davis-Price","","","RB113","","","393","","","393.0"
"483","Tyler Huntley","","","QB77","394","","","","","394.0"
"484","Davis Allen","LAR","8","TE69","","","394","","","394.0"
"485","Eddy Pineiro","","","K46","396","","670","","","533.0"
"486","Carson Strong","","","QB78","397","","","","","397.0"
"487","Leonard Fournette","","","RB114","398","","","","","398.0"
"488","E.J. Jenkins","PHI","9","TE70","","","398","","","398.0"
"489","Trey Lance","LAC","12","QB79","399","","700","","","549.5"
"490","Malik Knowles","SF","14","WR148","","","400","","","400.0"
"491","Rasheen Ali","BAL","7","RB115","469","","431","","","450.0"
"492","Desmond Ridder","CIN","10","QB80","403","","561","","","482.0"
"493","Spencer Rattler","NO","11","QB81","","","404","","","404.0"
"494","Jacob Cowing","SF","14","WR149","","","405","","","405.0"
"495","Aidan O'Connell","LV","8","QB82","476","","430","","","453.0"
"496","D.J. Montgomery","IND","11","WR150","445","","461","","","453.0"
"497","C.J. Ham","MIN","6","RB116","454","","452","","","453.0"
"498","Donovan Edwards","NYJ","9","RB117","407","","656","","","531.5"
"499","Sam Howell","MIN","6","QB83","408","","574","","","491.0"
"500","Jacob Saylors","DET","8","RB118","409","","","","","409.0"
"501","Skyy Moore","KC","10","WR151","431","","477","","","454.0"
"502","Rashaad Penny","","","RB119","410","","","","","410.0"
"503","Ben Sauls","PIT","5","K47","","","411","","","411.0"
"504","Luke Farrell","SF","14","TE71","411","","553","","","482.0"
"505","Terrace Marshall Jr.","PHI","9","WR152","413","","551","","","482.0"
"506","Nathan Peterman","","","QB84","414","","","","","414.0"
"507","Laquon Treadwell","IND","11","WR153","","","415","","","415.0"
"508","Jeremy McNichols","WAS","12","RB120","","","416","","","416.0"
"509","Cam Miller","LV","8","QB85","416","","","","","416.0"
"510","Cade Stover","HOU","6","TE72","417","","734","","","575.5"
"511","Jermaine Burton","CIN","10","WR154","421","","496","","","458.5"
"512","DeWayne McBride","","","RB121","419","","","","","419.0"
"513","Dante Pettis","NO","11","WR155","","","420","","","420.0"
"514","Louis Rees-Zammit","JAC","8","RB122","420","","608","","","514.0"
"515","Trayveon Williams","NE","14","RB123","","","421","","","421.0"
"516","Greg Dortch","ARI","8","WR156","","","422","","","422.0"
"517","Ben Skowronek","PIT","5","WR157","423","","554","","","488.5"
"518","Andrew Beck","NYJ","9","TE73","424","","","","","424.0"
"519","Van Jefferson","TEN","10","WR158","","","424","","","424.0"
"520","Devin Duvernay","CHI","5","WR159","425","","","","","425.0"
"521","Kenny Yeboah","DET","8","TE74","","","426","","","426.0"
"522","Mike White","BUF","7","QB86","426","","671","","","548.5"
"523","Chase Edmonds","","","RB124","428","","","","","428.0"
"524","Justin Shorter","LV","8","WR160","","","428","","","428.0"
"525","Chris Manhertz","NYG","14","TE75","429","","","","","429.0"
"526","Ben VanSumeren","PHI","9","LB1","430","","720","","","575.0"
"527","SaRodorick Thompson Jr.","","","RB125","432","","","","","432.0"
"528","Malik Washington","MIA","12","WR161","","","433","","","433.0"
"529","Kendall Milton","CIN","10","RB126","","","436","","","436.0"
"530","Malachi Corley","NYJ","9","WR162","436","","738","","","587.0"
"531","Jabari Small","DET","8","RB127","","","437","","","437.0"
"532","Hassan Haskins","LAC","12","RB128","437","","566","","","501.5"
"533","Johnny Wilson","PHI","9","WR163","438","","612","","","525.0"
"534","Terrell Jennings","NE","14","RB129","","","439","","","439.0"
"535","Dillon Gabriel","CLE","9","QB87","","","440","","","440.0"
"536","Kimani Vidal","LAC","12","RB130","440","","501","","","470.5"
"537","Jake Fromm","","","QB88","441","","","","","441.0"
"538","Gunnar Helm","TEN","10","TE76","442","","506","","","474.0"
"539","Gary Brightwell","CIN","10","RB131","443","","697","","","570.0"
"540","Jaylin Lane","WAS","12","WR164","","","444","","","444.0"
"541","Keilan Robinson","PHI","9","RB132","444","","735","","","589.5"
"542","Cordarrelle Patterson","","","RB133","","","446","","","446.0"
"543","LeQuint Allen Jr.","JAC","8","RB134","446","","774","","","610.0"
"544","Charlie Jones","CIN","10","WR165","447","","580","","","513.5"
"545","Reggie Gilliam","BUF","7","RB135","448","","546","","","497.0"
"546","James McCourt","","","K48","449","","","","","449.0"
"547","Michael Burton","DEN","12","RB136","500","","449","","","474.5"
"548","Jacoby Brissett","ARI","8","QB89","","","450","","","450.0"
"549","Caleb Shudak","","","K49","450","","","","","450.0"
"550","Christopher Dunn","","","K50","451","","","","","451.0"
"551","Gavin Bartholomew","MIN","6","TE77","452","","649","","","550.5"
"552","Tyreik McAllister","","","RB137","453","","","","","453.0"
"553","Dare Ogunbowale","HOU","6","RB138","","","454","","","454.0"
"554","Michael Gallup","WAS","12","WR166","","","455","","","455.0"
"555","Travis Homer","CHI","5","RB139","455","","531","","","493.0"
"556","Nick Folk","NYJ","9","K51","456","","","","","456.0"
"557","Mason Rudolph","PIT","5","QB90","","","456","","","456.0"
"558","Ian Thomas","LV","8","TE78","","","457","","","457.0"
"559","Jonathon Brooks","CAR","14","RB140","457","","731","","","594.0"
"560","KhaDarel Hodge","ATL","5","WR167","","","458","","","458.0"
"561","Parris Campbell","DAL","10","WR168","","","459","","","459.0"
"562","Kadarius Toney","","","WR169","459","","","","","459.0"
"563","Miles Boykin","CHI","5","WR170","","","460","","","460.0"
"564","Payne Durham","TB","9","TE79","460","","591","","","525.5"
"565","Chris Rodriguez Jr.","WAS","12","RB141","471","","489","","","480.0"
"566","Trenton Irwin","JAC","8","WR171","","","462","","","462.0"
"567","Xazavian Valladay","","","RB142","462","","","","","462.0"
"568","Giovanni Ricci","MIN","6","TE80","","","463","","","463.0"
"569","Anders Carlson","","","K52","478","","484","","","481.0"
"570","Jase McClellan","","","RB143","463","","603","","","533.0"
"571","Harrison Bryant","PHI","9","TE81","","","464","","","464.0"
"572","Jamaal Williams","","","RB144","464","","521","","","492.5"
"573","Patrick Taylor Jr.","SF","14","RB145","","","465","","","465.0"
"574","Cam Akers","NO","11","RB146","","","466","","","466.0"
"575","Zach Evans","","","RB147","466","","584","","","525.0"
"576","Jonathan Ward","","","RB148","","","467","","","467.0"
"577","Owen Wright","","","RB149","467","","","","","467.0"
"578","Colby Parkinson","LAR","8","TE82","","","468","","","468.0"
"579","Ian Book","","","QB91","468","","","","","468.0"
"580","Khalil Herbert","IND","11","RB150","","","470","","","470.0"
"581","Deneric Prince","","","RB151","470","","","","","470.0"
"582","Ronnie Bell","DET","8","WR172","481","","488","","","484.5"
"583","Brevin Jordan","HOU","6","TE83","","","471","","","471.0"
"584","Shane Buechele","BUF","7","QB92","472","","","","","472.0"
"585","Zach Davidson","BUF","7","TE84","","","472","","","472.0"
"586","Riley Patterson","","","K53","","","473","","","473.0"
"587","Julius Chestnut","TEN","10","RB152","473","","576","","","524.5"
"588","Jaret Patterson","LAC","12","RB153","","","474","","","474.0"
"589","Johnny Mundt","JAC","8","TE85","475","","","","","475.0"
"590","Michael Woods","II","","WR173","","","475","","","475.0"
"591","Tyler Goodson","IND","11","RB154","","","476","","","476.0"
"592","D","","'Onta Foreman","","","RB155","477","","","","","477.0"
"593","Josh Pederson","","","TE86","479","","","","","479.0"
"594","Britain Covey","LAR","8","WR174","","","479","","","479.0"
"595","Justyn Ross","","","WR175","","","480","","","480.0"
"596","Ramel Keyton","TEN","10","WR176","480","","","","","480.0"
"597","Sincere McCormick","LV","8","RB156","","","481","","","481.0"
"598","Jashaun Corbin","ATL","5","RB157","","","482","","","482.0"
"599","Sean Clifford","GB","5","QB93","483","","","","","483.0"
"600","Josh Whyle","TEN","10","TE87","","","485","","","485.0"
"601","Keaontay Ingram","KC","10","RB158","485","","","","","485.0"
"602","Xavier Hutchinson","HOU","6","WR177","","","486","","","486.0"
"603","Jared Wiley","KC","10","TE88","486","","736","","","611.0"
"604","Parker Washington","JAC","8","WR178","","","487","","","487.0"
"605","Xavier Gipson","NYJ","9","WR179","487","","","","","487.0"
"606","Shane Zylstra","DET","8","TE89","489","","559","","","524.0"
"607","John FitzPatrick","GB","5","TE90","490","","560","","","525.0"
"608","Tyler Scott","CHI","5","WR180","491","","","","","491.0"
"609","Nikko Remigio","KC","10","WR181","","","491","","","491.0"
"610","Kenyan Drake","","","RB159","492","","","","","492.0"
"611","Hunter Luepke","DAL","10","RB160","","","492","","","492.0"
"612","Brian Hoyer","","","QB94","493","","","","","493.0"
"613","Chris Brooks","GB","5","RB161","","","493","","","493.0"
"614","Ellis Merriweather","GB","5","RB162","494","","","","","494.0"
"615","Lucky Jackson","MIN","6","WR182","","","494","","","494.0"
"616","LaJohntay Wester","BAL","7","WR183","495","","631","","","563.0"
"617","Cody Schrader","LAR","8","RB163","496","","623","","","559.5"
"618","Evan Hull","PIT","5","RB164","497","","","","","497.0"
"619","Ja'Lynn Polk","NE","14","WR184","","","497","","","497.0"
"620","Rodney Williams","","","TE91","498","","","","","498.0"
"621","Bub Means","NO","11","WR185","","","498","","","498.0"
"622","Zack Kuntz","NYJ","9","TE92","499","","","","","499.0"
"623","Charlie Smyth","NO","11","K54","","","499","","","499.0"
"624","Dante Miller","NYG","14","RB165","","","500","","","500.0"
"625","George Holani","SEA","8","RB166","","","502","","","502.0"
"626","Emani Bailey","CAR","14","RB167","","","503","","","503.0"
"627","Rivaldo Fairweather","DAL","10","TE93","","","505","","","505.0"
"628","Riley Leonard","IND","11","QB95","","","507","","","507.0"
"629","Jake Briningstool","KC","10","TE94","","","508","","","508.0"
"630","Max Hurleman","PIT","5","CB1","","","511","","","511.0"
"631","Jordan Watkins","SF","14","WR186","","","513","","","513.0"
"632","Ryan Coe","TB","9","K55","","","514","","","514.0"
"633","Josh Johnson","WAS","12","QB96","","","516","","","516.0"
"634","Tyrod Taylor","NYJ","9","QB97","","","517","","","517.0"
"635","Greg Zuerlein","","","K56","","","518","","","518.0"
"636","Josh Reynolds","NYJ","9","WR187","","","520","","","520.0"
"637","Jamal Agnew","ATL","5","WR188","","","522","","","522.0"
"638","Pharaoh Brown","MIA","12","TE95","","","523","","","523.0"
"639","John Kelly Jr.","","","RB168","","","524","","","524.0"
"640","Durham Smythe","CHI","5","TE96","","","525","","","525.0"
"641","Ross Dwelley","SF","14","TE97","","","526","","","526.0"
"642","Foster Moreau","NO","11","TE98","","","528","","","528.0"
"643","Kelvin Harmon","","","WR189","","","529","","","529.0"
"644","Jake Browning","CIN","10","QB98","","","530","","","530.0"
"645","Irv Smith Jr.","HOU","6","TE99","","","533","","","533.0"
"646","Gardner Minshew II","KC","10","QB99","","","534","","","534.0"
"647","Scotty Miller","PIT","5","WR190","","","535","","","535.0"
"648","Jakob Johnson","HOU","6","RB169","","","536","","","536.0"
"649","Malik Taylor","DET","8","WR191","","","537","","","537.0"
"650","Steven Sims Jr.","SEA","8","WR192","","","538","","","538.0"
"651","Tom Kennedy","DET","8","WR193","","","539","","","539.0"
"652","Quintez Cephus","","","WR194","","","540","","","540.0"
"653","Cody White","SEA","8","WR195","","","541","","","541.0"
"654","Trishton Jackson","ARI","8","WR196","","","542","","","542.0"
"655","Jalen Reagor","LAC","12","WR197","","","543","","","543.0"
"656","Charlie Woerner","ATL","5","TE100","","","544","","","544.0"
"657","DeeJay Dallas","ARI","8","RB170","","","545","","","545.0"
"658","Mason Kinsey","TEN","10","WR198","","","547","","","547.0"
"659","Lawrence Cager","WAS","12","WR199","","","548","","","548.0"
"660","Dominique Dafney","CAR","14","TE101","","","549","","","549.0"
"661","Tarik Black","MIA","12","WR200","","","550","","","550.0"
"662","Davis Mills","HOU","6","QB100","","","552","","","552.0"
"663","Michael Carter","ARI","8","RB171","","","555","","","555.0"
"664","Trey Sermon","PIT","5","RB172","","","556","","","556.0"
"665","Kyle Trask","TB","9","QB101","","","557","","","557.0"
"666","John Bates","WAS","12","TE102","","","558","","","558.0"
"667","Tyler Badie","DEN","12","RB173","","","562","","","562.0"
"668","Greg Dulcich","NYG","14","TE103","","","564","","","564.0"
"669","Treylon Burks","TEN","10","WR201","","","565","","","565.0"
"670","John Metchie III","HOU","6","WR202","","","567","","","567.0"
"671","Drew Ogletree","IND","11","TE104","","","568","","","568.0"
"672","Nick Muse","PHI","9","TE105","","","569","","","569.0"
"673","Tyquan Thornton","KC","10","WR203","","","570","","","570.0"
"674","Irvin Charles","NYJ","9","WR204","","","571","","","571.0"
"675","Zonovan Knight","NYJ","9","RB174","","","572","","","572.0"
"676","Kenny Pickett","CLE","9","QB102","","","573","","","573.0"
"677","Brandon Johnson","PIT","5","WR205","","","575","","","575.0"
"678","Seth Green","NO","11","TE106","","","577","","","577.0"
"679","Kevin Austin Jr.","NO","11","WR206","","","578","","","578.0"
"680","Raheem Blackshear","CAR","14","RB175","","","579","","","579.0"
"681","Jalen Brooks","DAL","10","WR207","","","581","","","581.0"
"682","Jake Haener","NO","11","QB103","","","585","","","585.0"
"683","Israel Abanikanda","GB","5","RB176","","","586","","","586.0"
"684","Clayton Tune","ARI","8","QB104","","","587","","","587.0"
"685","Derius Davis","LAC","12","WR208","","","588","","","588.0"
"686","Brayden Willis","SF","14","TE107","","","589","","","589.0"
"687","Trey Palmer","TB","9","WR209","","","590","","","590.0"
"688","Andre Szmyt","CLE","9","K57","","","592","","","592.0"
"689","Brady Russell","SEA","8","TE108","","","593","","","593.0"
"690","Carlos Washington Jr.","ATL","5","RB177","","","594","","","594.0"
"691","Jordan Mims","TEN","10","RB178","","","595","","","595.0"
"692","Shedrick Jackson","LV","8","WR210","","","596","","","596.0"
"693","Princeton Fant","DAL","10","TE109","","","597","","","597.0"
"694","Emari Demercado","ARI","8","RB179","","","598","","","598.0"
"695","Thayer Thomas","MIN","6","WR211","","","599","","","599.0"
"696","Tyrell Shavers","BUF","7","WR212","","","600","","","600.0"
"697","Rakim Jarrett","TB","9","WR213","","","601","","","601.0"
"698","Ryan Miller","TB","9","WR214","","","602","","","602.0"
"699","Devin Leary","BAL","7","QB105","","","604","","","604.0"
"700","Erick All Jr.","CIN","10","TE110","","","605","","","605.0"
"701","Jawhar Jordan","HOU","6","RB180","","","606","","","606.0"
"702","Anthony Gould","IND","11","WR215","","","607","","","607.0"
"703","Dylan Laube","LV","8","RB181","","","609","","","609.0"
"704","Tahj Washington","MIA","12","WR216","","","610","","","610.0"
"705","Jaheim Bell","NE","14","TE111","","","611","","","611.0"
"706","Devin Culp","TB","9","TE112","","","613","","","613.0"
"707","Messiah Swinson","GB","5","TE113","","","614","","","614.0"
"708","McCallan Castles","LAC","12","TE114","","","615","","","615.0"
"709","Austin Reed","CHI","5","QB106","","","616","","","616.0"
"710","Cam Grandy","CIN","10","TE115","","","617","","","617.0"
"711","Blake Watson","DEN","12","RB182","","","618","","","618.0"
"712","David Martin-Robinson","TEN","10","TE116","","","619","","","619.0"
"713","Bryce Oliver","TEN","10","WR217","","","620","","","620.0"
"714","John Rhys Plumlee","SEA","8","QB107","","","621","","","621.0"
"715","Terique Owens","SF","14","WR218","","","622","","","622.0"
"716","Drake Stoops","LAR","8","WR219","","","624","","","624.0"
"717","Geor'Quarius Spivey","KC","10","TE117","","","625","","","625.0"
"718","Alex Hale","","","K58","","","626","","","626.0"
"719","Joshua Simon","ATL","5","TE118","","","627","","","627.0"
"720","Jahmal Banks","BAL","7","WR220","","","628","","","628.0"
"721","Marcus Major Jr.","BAL","7","RB183","","","629","","","629.0"
"722","Lucas Scott","BAL","7","RB184","","","630","","","630.0"
"723","Jonathan Kim","CHI","5","K59","","","633","","","633.0"
"724","Jahdae Walker","CHI","5","WR221","","","634","","","634.0"
"725","Payton Thorne","CIN","10","QB108","","","635","","","635.0"
"726","Tyler Neville","DAL","10","TE119","","","636","","","636.0"
"727","Jakobie Keeney-James","DET","8","WR222","","","637","","","637.0"
"728","Kye Robichaux","DET","8","RB185","","","638","","","638.0"
"729","Taylor Elgersma","GB","5","QB109","","","640","","","640.0"
"730","Jalen White","GB","5","RB186","","","641","","","641.0"
"731","Drake Dabney","TEN","10","TE120","","","644","","","644.0"
"732","Graham Mertz","HOU","6","QB110","","","645","","","645.0"
"733","Ajou Ajou","IND","11","WR223","","","646","","","646.0"
"734","Tru Edwards","LAR","8","WR224","","","647","","","647.0"
"735","Efton Chism III","NE","14","WR225","","","650","","","650.0"
"736","Ben Wooldridge","NE","14","QB111","","","651","","","651.0"
"737","Moochie Dixon","NO","11","WR226","","","652","","","652.0"
"738","Chris Tyree","NO","11","RB187","","","653","","","653.0"
"739","Beaux Collins","NYG","14","WR227","","","654","","","654.0"
"740","Darius Cooper","PHI","9","WR228","","","657","","","657.0"
"741","JJ Galbreath","PIT","5","TE121","","","659","","","659.0"
"742","Tyrone Broden","SEA","8","WR229","","","660","","","660.0"
"743","Nick Kallerup","SEA","8","TE122","","","661","","","661.0"
"744","Caden Prieskorn","DEN","12","TE123","","","662","","","662.0"
"745","DeAndre Carter","CLE","9","WR230","","","663","","","663.0"
"746","Taylor Heinicke","LAC","12","QB112","","","664","","","664.0"
"747","Chris Moore","WAS","12","WR231","","","665","","","665.0"
"748","Zay Jones","ARI","8","WR232","","","666","","","666.0"
"749","Gerald Everett","","","TE124","","","667","","","667.0"
"750","Nick Mullens","JAC","8","QB113","","","668","","","668.0"
"751","Anthony Miller","BAL","7","WR233","","","669","","","669.0"
"752","Cedrick Wilson Jr.","NO","11","WR234","","","672","","","672.0"
"753","Braxton Berrios","HOU","6","WR235","","","673","","","673.0"
"754","DJ Chark Jr.","ATL","5","WR236","","","674","","","674.0"
"755","Tim Boyle","TEN","10","QB114","","","675","","","675.0"
"756","Keith Kirkwood","BAL","7","WR237","","","676","","","676.0"
"757","John Wolford","JAC","8","QB115","","","677","","","677.0"
"758","Will Grier","DAL","10","QB116","","","678","","","678.0"
"759","Ashton Dulin","IND","11","WR238","","","679","","","679.0"
"760","James Proche II","TEN","10","WR239","","","680","","","680.0"
"761","Isaiah Hodgins","SF","14","WR240","","","681","","","681.0"
"762","Donovan Peoples-Jones","NO","11","WR241","","","682","","","682.0"
"763","KJ Hamler","BUF","7","WR242","","","683","","","683.0"
"764","Albert Okwuegbunam Jr.","IND","11","TE125","","","684","","","684.0"
"765","Laviska Shenault Jr.","BUF","7","WR243","","","685","","","685.0"
"766","Salvon Ahmed","IND","11","RB188","","","686","","","686.0"
"767","Kristian Wilkerson","BUF","7","WR244","","","687","","","687.0"
"768","Tim Jones","MIN","6","WR245","","","688","","","688.0"
"769","Demetric Felton Jr.","WAS","12","RB189","","","689","","","689.0"
"770","Dez Fitzpatrick","LAC","12","WR246","","","691","","","691.0"
"771","Sam Ehlinger","DEN","12","QB117","","","692","","","692.0"
"772","Kylen Granson","PHI","9","TE126","","","693","","","693.0"
"773","Hunter Long","JAC","8","TE127","","","694","","","694.0"
"774","Kene Nwangwu","NYJ","9","RB190","","","695","","","695.0"
"775","Ihmir Smith-Marsette","NYG","14","WR247","","","696","","","696.0"
"776","Quintin Morris","JAC","8","TE128","","","701","","","701.0"
"777","Feleipe Franks","ATL","5","QB118","","","702","","","702.0"
"778","Austin Trammell","JAC","8","WR248","","","703","","","703.0"
"779","Jack Stoll","NO","11","TE129","","","704","","","704.0"
"780","Michael Jacobson","NO","11","TE130","","","705","","","705.0"
"781","Jelani Woods","IND","11","TE131","","","706","","","706.0"
"782","Bo Melton","GB","5","WR249","","","709","","","709.0"
"783","Dareke Young","SEA","8","WR250","","","710","","","710.0"
"784","Kendric Pryor","CIN","10","WR251","","","711","","","711.0"
"785","Jalen Virgil","BUF","7","WR252","","","712","","","712.0"
"786","Tanner Conner","MIA","12","TE132","","","713","","","713.0"
"787","Lucas Krull","DEN","12","TE133","","","714","","","714.0"
"788","Ronnie Rivers","LAR","8","RB191","","","715","","","715.0"
"789","Tucker Fisk","LAC","12","TE134","","","716","","","716.0"
"790","Xavier Smith","LAR","8","WR253","","","717","","","717.0"
"791","Malik Heath","GB","5","WR254","","","719","","","719.0"
"792","Jalen Cropper","DAL","10","WR255","","","721","","","721.0"
"793","John Stephens Jr.","DAL","10","WR256","","","722","","","722.0"
"794","Nate Adkins","DEN","12","TE135","","","723","","","723.0"
"795","Jared Wayne","HOU","6","WR257","","","724","","","724.0"
"796","Elijah Cooks","PHI","9","WR258","","","725","","","725.0"
"797","Dylan Drummond","ATL","5","WR259","","","726","","","726.0"
"798","Ontaria Wilson","NYJ","9","WR260","","","727","","","727.0"
"799","Tanner Taula","TB","9","TE136","","","728","","","728.0"
"800","Jordan Murray","CHI","5","TE137","","","729","","","729.0"
"801","Casey Washington","ATL","5","WR261","","","730","","","730.0"
"802","Michael Pratt","TB","9","QB119","","","732","","","732.0"
"803","Jha'Quan Jackson","TEN","10","WR262","","","733","","","733.0"
"804","Javon Baker","NE","14","WR263","","","737","","","737.0"
"805","Isaiah Davis","NYJ","9","RB192","","","739","","","739.0"
"806","Tip Reiman","ARI","8","TE138","","","740","","","740.0"
"807","Cornelius Johnson","GB","5","WR264","","","741","","","741.0"
"808","Brenden Rice","LAC","12","WR265","","","742","","","742.0"
"809","Chris Collier","LV","8","RB193","","","743","","","743.0"
"810","Dayton Wade","BAL","7","WR266","","","744","","","744.0"
"811","Julian Hicks","GB","5","WR267","","","745","","","745.0"
"812","Xavier Johnson","HOU","6","WR268","","","746","","","746.0"
"813","Jack Plummer","CAR","14","QB120","","","747","","","747.0"
"814","Brenden Bates","CLE","9","TE139","","","748","","","748.0"
"815","Ian Wheeler","CHI","5","RB194","","","749","","","749.0"
"816","Brevyn Spann-Ford","DAL","10","TE140","","","750","","","750.0"
"817","Isaiah Williams","CIN","10","WR269","","","751","","","751.0"
"818","Jeshaun Jones","MIN","6","WR270","","","752","","","752.0"
"819","Mason Tipton","NO","11","WR271","","","754","","","754.0"
"820","Mason Pline","SF","14","TE141","","","755","","","755.0"
"821","D.J. Williams","TB","9","RB195","","","756","","","756.0"
"822","Sam Hartman","WAS","12","QB121","","","757","","","757.0"
"823","British Brooks","HOU","6","RB196","","","758","","","758.0"
"824","Hayden Rucci","MIA","12","TE142","","","759","","","759.0"
"825","Jaelen Gill","","","WR272","","","760","","","760.0"
"826","Nick Nash","ATL","5","WR273","","","761","","","761.0"
"827","Keleki Latu","BUF","7","TE143","","","762","","","762.0"
"828","Kayron Lynch-Adams","CAR","14","RB197","","","763","","","763.0"
"829","Gage Larvadain","CLE","9","WR274","","","764","","","764.0"
"830","Josh Kelly","DAL","10","WR275","","","765","","","765.0"
"831","Caleb Lohner","DEN","12","TE144","","","767","","","767.0"
"832","Dominic Lovett","DET","8","WR276","","","768","","","768.0"
"833","Jackson Meeks","DET","8","WR277","","","769","","","769.0"
"834","Chimere Dike","TEN","10","WR278","","","770","","","770.0"
"835","Kalel Mullings","TEN","10","RB198","","","771","","","771.0"
"836","Coleman Owen","IND","11","WR279","","","772","","","772.0"
"837","Maddux Trujillo","IND","11","K60","","","773","","","773.0"
"838","Elijah Young","KC","10","RB199","","","775","","","775.0"
"839","Konata Mumpfield","LAR","8","WR280","","","776","","","776.0"
"840","Anthony Torres","LAR","8","TE145","","","777","","","777.0"
"841","Tommy Mellott","LV","8","QB122","","","778","","","778.0"
"842","Jalin Conyers","MIA","12","TE146","","","779","","","779.0"
"843","Silas Bolden","MIN","6","WR281","","","780","","","780.0"
"844","Ben Yurosek","MIN","6","TE147","","","781","","","781.0"
"845","Gee Scott Jr.","NE","14","TE148","","","782","","","782.0"
"846","Marcus Yarns","NO","11","RB200","","","783","","","783.0"
"847","Thomas Fidone II","NYG","14","TE149","","","784","","","784.0"
"848","Brady Cook","NYJ","9","QB123","","","785","","","785.0"
"849","Montrell Johnson Jr.","PHI","9","RB201","","","787","","","787.0"
"850","ShunDerrick Powell","PHI","9","RB202","","","788","","","788.0"
"851","DJ Uiagalelei","LAC","12","QB124","","","791","","","791.0"
"852","Junior Bergen","SF","14","WR282","","","792","","","792.0"
"853","Corey Kiner","SF","14","RB203","","","793","","","793.0"
"854","Robbie Ouzts","SEA","8","TE150","","","794","","","794.0"
"855","Ricky White III","SEA","8","WR283","","","795","","","795.0"
"856","Jacardia Wright","SEA","8","RB204","","","796","","","796.0"
"857","Jacoby Jones","WAS","12","LB2","","","797","","","797.0"
""
""