name,position,fantasy_points_target,weighted_historical_avg,consistency_score,performance_trend,seasons_played,total_career_points,games_played,targets,carries
A.ABDULLAH,WR,,,,,2,,16.0,35.0,43.0
A.ANDERSON,WR,,,,,2,,16.0,0.0,90.0
A.Abdullah,RB,125.2,125.2,0.5,0.0,1,125.2,,47.0,
A.BARNER,WR,,,,,2,,16.0,28.0,0.0
A.BROWN,WR,,,,,2,,16.0,70.0,0.0
A.Bachman,WR,6.1,6.1,0.5,0.0,1,6.1,,3.0,
A.Barner,TE,78.5,78.5,0.5,0.0,1,78.5,,38.0,
A.Brown,WR,257.2,257.2,0.5,0.0,1,257.2,,120.0,
A.COOPER,WR,,,,,2,,16.0,81.0,0.0
A.Cooper,WR,132.8,132.8,0.5,0.0,1,132.8,,93.0,
A.Dalton,QB,58.96,58.96,0.5,0.0,1,58.96,,0.0,
A.Dulin,WR,19.199999,19.199999,0.5,0.0,1,19.199999,,8.0,
A.EKELER,WR,,,,,2,,16.0,42.0,79.0
A.ESTIME,WR,,,,,2,,16.0,4.0,40.0
A.Ekeler,RB,159.6,159.6,0.5,0.0,1,159.6,,56.0,
A.Estime,RB,48.7,48.7,0.5,0.0,1,48.7,,5.0,
A.GIBSON,WR,,,,,2,,16.0,23.0,79.0
A.Gibson,RB,103.4,103.4,0.5,0.0,1,103.4,,29.0,
A.Gould,WR,3.3,3.3,0.5,0.0,1,3.3,,1.0,
A.HOOPER,WR,,,,,2,,16.0,53.0,0.0
A.Hooper,TE,108.6,108.6,0.5,0.0,1,108.6,,59.0,
A.INGOLD,WR,,,,,2,,16.0,11.0,8.0
A.IOSIVAS,WR,,,,,2,,16.0,56.0,0.0
A.Iosivas,WR,119.9,119.9,0.5,0.0,1,119.9,,61.0,
A.JONES,WR,,,,,2,,16.0,57.0,223.0
A.Jones,RB,250.6,250.6,0.5,0.0,1,250.6,,68.0,
A.KAMARA,RB,,,,,2,,16.0,71.0,155.0
A.Kamara,RB,265.3,265.3,0.5,0.0,1,265.3,,89.0,
A.LAZARD,WR,,,,,2,,16.0,39.0,0.0
A.Lazard,WR,126.0,126.0,0.5,0.0,1,126.0,,61.0,
A.MATTISON,WR,,,,,2,,16.0,33.0,101.0
A.MITCHELL,WR,,,,,2,,16.0,46.0,2.0
A.Mattison,RB,137.4,137.4,0.5,0.0,1,137.4,,48.0,
A.Miller,WR,9.4,9.4,0.5,0.0,1,9.4,,5.0,
A.Mitchell,WR,53.76,53.76,0.5,0.0,1,53.76,,55.0,
A.O,WR,,,0.5,0.0,1,,16.0,3.0,8.0
A.O'Connell,QB,93.479996,93.479996,0.5,0.0,1,93.479996,,0.0,
A.OGLETREE,WR,,,0.5,0.0,1,,16.0,12.0,0.0
A.Ogletree,TE,25.9,25.9,0.5,0.0,1,25.9,,14.0,
A.PIERCE,WR,,,,,2,,16.0,51.0,0.0
A.Pierce,WR,161.4,161.4,0.5,0.0,1,161.4,,69.0,
A.RICHARDSON,WR,,,,,2,,16.0,2.0,46.0
A.RODGERS,WR,,,,,2,,16.0,1.0,14.0
A.Richardson,QB,163.36,163.36,0.5,0.0,1,163.36,,1.0,
A.Robinson,WR,6.0,6.0,0.5,0.0,1,6.0,,7.0,
A.Rodgers,QB,256.58,256.58,0.5,0.0,1,256.58,,0.0,
A.ST,WR,,,,,2,,16.0,139.0,0.0
A.Shampklin,RB,1.6999999,1.6999999,0.5,0.0,1,1.6999999,,0.0,
A.Smith,WR,17.699999,17.699999,0.5,0.0,1,17.699999,,9.0,
A.St. Brown,WR,337.88,337.88,0.5,0.0,1,337.88,,151.0,
A.THIELEN,WR,,,,,2,,16.0,53.0,0.0
A.TRAUTMAN,WR,,,,,2,,16.0,20.0,0.0
A.Thielen,WR,139.5,139.5,0.5,0.0,1,139.5,,62.0,
A.Trammell,WR,6.0,6.0,0.5,0.0,1,6.0,,3.0,
A.Trautman,TE,45.0,45.0,0.5,0.0,1,45.0,,23.0,
AJOU AJOU,WR,0.0,0.0,0.5,0.0,1,0.0,,0.0,
ANDREW ARMSTRONG,WR,0.0,0.0,0.5,0.0,1,0.0,,0.0,
ANTWANE WELLS JR,WR,0.0,0.0,0.5,0.0,1,0.0,,0.0,
ARI DST,DST,5.3,5.3,0.5,0.0,1,5.3,,,
ARIAN SMITH,WR,0.0,0.0,0.5,0.0,1,0.0,,0.0,
ASHTON JEANTY,RB,0.0,0.0,0.5,0.0,1,0.0,,0.0,
ATL DST,DST,7.3,7.3,0.5,0.0,1,7.3,,,
B.AIYUK,WR,,,,,2,,16.0,30.0,0.0
B.ALLEN,QB,,,,,2,,16.0,22.0,76.0
B.Aiyuk,WR,62.4,62.4,0.5,0.0,1,62.4,,47.0,
B.Allen,QB,6.3599997,45.780002350000004,0.024740225988085136,-0.9146171778064281,16,732.4800376000001,,0.0,
B.BOWERS,WR,,,,,2,,16.0,141.0,3.0
B.Bowers,TE,262.7,262.7,0.5,0.0,1,262.7,,153.0,
B.Brooks,RB,0.2,0.2,0.5,0.0,1,0.2,,0.0,
B.CHRISTENSEN,TE,,,,,2,,16.0,0.0,16.0
B.CLEVELAND,WR,,,,,2,,16.0,0.0,10.0
B.COOKS,RB,,,,,2,,16.0,43.0,2.0
B.CORUM,WR,,,,,2,,16.0,7.0,50.0
B.Cooks,WR,69.6,69.6,0.5,0.0,1,69.6,,54.0,
B.Corum,RB,33.5,33.5,0.5,0.0,1,33.5,,8.0,
B.Covey,WR,10.4,10.4,0.5,0.0,1,10.4,,8.0,
B.Ford-Wheaton,WR,6.0,6.0,0.5,0.0,1,6.0,,0.0,
B.HALL,WR,,,,,2,,16.0,63.0,149.0
B.HANCE,WR,,,0.5,0.0,1,,16.0,0.0,12.0
B.Hall,RB,240.9,240.9,0.5,0.0,1,240.9,,76.0,
B.IRVING,WR,,,,,2,,16.0,39.0,178.0
B.Irving,RB,260.7,260.7,0.5,0.0,1,260.7,,54.0,
B.Johnson,WR,1.9,1.9,0.5,0.0,1,1.9,,1.0,
B.Jordan,TE,2.6999998,2.6999998,0.5,0.0,1,2.6999998,,3.0,
B.MAYFIELD,WR,,,,,2,,16.0,0.0,47.0
B.MEANS,WR,,,,,2,,16.0,11.0,0.0
B.MELTON,WR,,,,,2,,16.0,17.0,6.0
B.Mayfield,QB,381.5,381.5,0.5,0.0,1,381.5,,0.0,
B.Means,WR,26.8,26.8,0.5,0.0,1,26.8,,15.0,
B.Melton,WR,25.1,25.1,0.5,0.0,1,25.1,,20.0,
B.NIX,WR,,,,,2,,16.0,22.0,73.0
B.Nix,QB,331.26,331.26,0.5,0.0,1,331.26,,1.0,
B.Oliver,WR,15.5,15.5,0.5,0.0,1,15.5,,9.0,
B.PURDY,WR,,,,,2,,16.0,1.0,51.0
B.Powell,WR,14.1,14.1,0.5,0.0,1,14.1,,10.0,
B.Purdy,QB,266.86002,266.86002,0.5,0.0,1,266.86002,,0.0,
B.ROBINSON,WR,,,,,2,,16.0,12.0,125.0
B.Robinson,RB,190.9,266.3,0.013089005235602096,-0.44003501604902245,16,4260.8,,30.0,
B.STRANGE,WR,,,,,2,,16.0,50.0,0.0
B.Sims,TE,8.200001,8.200001,0.5,0.0,1,8.200001,,5.0,
B.Sinnott,TE,17.1,17.1,0.5,0.0,1,17.1,,6.0,
B.Skowronek,WR,11.9,11.9,0.5,0.0,1,11.9,,5.0,
B.Spann-Ford,TE,17.8,17.8,0.5,0.0,1,17.8,,14.0,
B.Strange,TE,91.1,91.1,0.5,0.0,1,91.1,,53.0,
B.THOMAS,WR,,,,,2,,16.0,94.0,4.0
B.Thomas,WR,284.0,284.0,0.5,0.0,1,284.0,,133.0,
B.Tremayne,WR,0.8,0.8,0.5,0.0,1,0.8,,1.0,
B.WRIGHT,WR,,,0.5,0.0,1,,16.0,11.0,0.0
B.Watson,RB,3.3,3.3,0.5,0.0,1,3.3,,2.0,
B.Whiteheart,TE,17.1,17.1,0.5,0.0,1,17.1,,9.0,
B.Wright,TE,35.0,35.0,0.5,0.0,1,35.0,,16.0,
B.YOUNG,WR,,,,,2,,16.0,5.0,32.0
B.Young,QB,195.02,195.02,0.5,0.0,1,195.02,,0.0,
B.Zappe,QB,7.0,7.0,0.5,0.0,1,7.0,,0.0,
BAL DST,DST,5.9,5.9,0.5,0.0,1,5.9,,,
BEAUX COLLINS,WR,0.0,0.0,0.5,0.0,1,0.0,,0.0,
BENJAMIN YUROSEK,TE,0.0,0.0,0.5,0.0,1,0.0,,0.0,
BHAYSHUL TUTEN,RB,0.0,0.0,0.5,0.0,1,0.0,,0.0,
BRADY COOK,QB,0.0,0.0,0.5,0.0,1,0.0,,0.0,
BRASHARD SMITH,RB,0.0,0.0,0.5,0.0,1,0.0,,0.0,
BRU MCCOY,WR,0.0,0.0,0.5,0.0,1,0.0,,0.0,
BRYSON NESBIT,TE,0.0,0.0,0.5,0.0,1,0.0,,0.0,
BUF DST,DST,7.6,7.6,0.5,0.0,1,7.6,,,
Blake Grupe,K,7.8,7.8,0.5,0.0,1,7.8,,,
Brandon Aubrey,K,7.6,7.6,0.5,0.0,1,7.6,,,
Brandon McManus,K,0.0,0.0,0.5,0.0,1,0.0,,,
C.AKERS,WR,,,,,2,,16.0,15.0,84.0
C.AUSTIN,WR,,,,,2,,16.0,51.0,0.0
C.Akers,RB,97.1,97.1,0.5,0.0,1,97.1,,18.0,
C.Austin,WR,124.299995,124.299995,0.5,0.0,1,124.299995,,60.0,
C.BROOKS,WR,,,,,2,,16.0,10.0,24.0
C.BROWN,WR,,,,,2,,16.0,54.0,189.0
C.Blair,WR,2.7,2.7,0.5,0.0,1,2.7,,2.0,
C.Brooks,RB,45.1,45.1,0.5,0.0,1,45.1,,16.0,
C.Brown,RB,255.0,255.0,0.5,0.0,1,255.0,,65.0,
C.Collier,RB,1.8000001,1.8000001,0.5,0.0,1,1.8000001,,2.0,
C.Conley,WR,13.599999,13.599999,0.5,0.0,1,13.599999,,12.0,
C.Edwards-Helaire,RB,10.0,10.0,0.5,0.0,1,10.0,,5.0,
C.FORD,WR,,,0.5,0.0,1,,16.0,0.0,12.0
C.GODWIN,WR,,,,,2,,16.0,47.0,0.0
C.Godwin,WR,137.8,137.8,0.5,0.0,1,137.8,,62.0,
C.Grandy,TE,7.8,7.8,0.5,0.0,1,7.8,,5.0,
C.HUBBARD,WR,,,,,2,,16.0,48.0,190.0
C.Heyward,TE,16.0,16.0,0.5,0.0,1,16.0,,8.0,
C.Hubbard,RB,241.6,241.6,0.5,0.0,1,241.6,,54.0,
C.Johnson,WR,1.6,1.6,0.5,0.0,1,1.6,,2.0,
C.Jones,WR,7.5,7.5,0.5,0.0,1,7.5,,1.0,
C.KIRK,WR,,,,,2,,16.0,39.0,0.0
C.KMET,WR,,,,,2,,16.0,42.0,0.0
C.KUPP,WR,,,,,2,,16.0,92.0,1.0
C.Kirk,WR,70.9,70.9,0.5,0.0,1,70.9,,47.0,
C.Kmet,TE,120.4,120.4,0.5,0.0,1,120.4,,55.0,
C.Kolar,TE,28.3,28.3,0.5,0.0,1,28.3,,11.0,
C.Kupp,WR,190.0,190.0,0.5,0.0,1,190.0,,108.0,
C.LAMB,WR,,,,,2,,16.0,134.0,0.0
C.Lamb,WR,263.4,263.4,0.5,0.0,1,263.4,,152.0,
C.MCCAFFREY,WR,,,,,2,,16.0,12.0,43.0
C.Manhertz,TE,12.0,12.0,0.5,0.0,1,12.0,,4.0,
C.McCaffrey,RB,47.800003,47.800003,0.5,0.0,1,47.800003,,19.0,
C.OKONKWO,WR,,,,,2,,16.0,61.0,0.0
C.OLAVE,WR,,,,,2,,16.0,42.0,0.0
C.OTTON,WR,,,,,2,,16.0,71.0,0.0
C.Okonkwo,TE,113.6,113.6,0.5,0.0,1,113.6,,70.0,
C.Oladokun,QB,0.5,0.5,0.5,0.0,1,0.5,,0.0,
C.Olave,WR,76.700005,76.700005,0.5,0.0,1,76.700005,,44.0,
C.Otton,TE,145.8,145.8,0.5,0.0,1,145.8,,89.0,
C.PARKINSON,WR,,,,,2,,16.0,41.0,0.0
C.PATTERSON,TE,,,,,2,,16.0,9.0,25.0
C.Parkinson,TE,77.6,77.6,0.5,0.0,1,77.6,,53.0,
C.Patterson,RB,37.5,37.5,0.5,0.0,1,37.5,,14.0,
C.REYNOLDS,WR,,,,,2,,16.0,2.0,16.0
C.RIDLEY,WR,,,,,2,,16.0,96.0,6.0
C.RODRIGUEZ,WR,,,,,2,,16.0,0.0,22.0
C.Reynolds,RB,20.9,20.9,0.5,0.0,1,20.9,,5.0,
C.Ridley,WR,199.2,199.2,0.5,0.0,1,199.2,,120.0,
C.Rodriguez,RB,31.5,31.5,0.5,0.0,1,31.5,,1.0,
C.Rush,QB,109.56,109.56,0.5,0.0,1,109.56,,0.0,
C.SAMUEL,WR,,,,,2,,16.0,43.0,3.0
C.STEELE,TE,,,,,2,,16.0,8.0,40.0
C.STOVER,WR,,,,,2,,16.0,14.0,0.0
C.STROUD,WR,,,,,2,,16.0,1.0,43.0
C.SUTTON,WR,,,,,2,,16.0,115.0,0.0
C.Samuel,WR,89.799995,89.799995,0.5,0.0,1,89.799995,,54.0,
C.Schrader,RB,1.9,1.9,0.5,0.0,1,1.9,,1.0,
C.Steele,RB,23.9,23.9,0.5,0.0,1,23.9,,11.0,
C.Stover,TE,41.1,41.1,0.5,0.0,1,41.1,,26.0,
C.Stroud,QB,251.86,251.86,0.5,0.0,1,251.86,,1.0,
C.Sutton,WR,252.8,252.8,0.5,0.0,1,252.8,,144.0,
C.TILLMAN,WR,,,,,2,,16.0,33.0,0.0
C.Tillman,WR,80.4,80.4,0.5,0.0,1,80.4,,49.0,
C.WALLACE,WR,,,0.5,0.0,1,,16.0,0.0,14.0
C.WATSON,WR,,,,,2,,16.0,42.0,2.0
C.WILLIAMS,WR,,,,,2,,16.0,3.0,61.0
C.WILSON,WR,,,,,2,,16.0,26.0,0.0
C.Washington,WR,2.4,2.4,0.5,0.0,1,2.4,,2.0,
C.Watson,WR,105.299995,105.299995,0.5,0.0,1,105.299995,,53.0,
C.Wentz,QB,4.7200003,4.7200003,0.5,0.0,1,4.7200003,,0.0,
C.White,WR,6.4,6.4,0.5,0.0,1,6.4,,3.0,
C.Williams,QB,254.54,254.54,0.5,0.0,1,254.54,,0.0,
C.Wilson,WR,51.940002,51.940002,0.5,0.0,1,51.940002,,27.0,
C.Woerner,TE,11.6,11.6,0.5,0.0,1,11.6,,12.0,
C.ZAVALA,WR,,,,,2,,16.0,0.0,16.0
CADEN PRIESKORN,TE,0.0,0.0,0.5,0.0,1,0.0,,0.0,
CALEB LOHNER,TE,0.0,0.0,0.5,0.0,1,0.0,,0.0,
CAM SKATTEBO,RB,0.0,0.0,0.5,0.0,1,0.0,,0.0,
CAMERON WARD,QB,0.0,0.0,0.5,0.0,1,0.0,,0.0,
CAR DST,DST,4.9,4.9,0.5,0.0,1,4.9,,,
CHI DST,DST,7.8,7.8,0.5,0.0,1,7.8,,,
CHIMERE DIKE,WR,0.0,0.0,0.5,0.0,1,0.0,,0.0,
CIN DST,DST,7.8,7.8,0.5,0.0,1,7.8,,,
CJ DIPPRE,TE,0.0,0.0,0.5,0.0,1,0.0,,0.0,
CLE DST,DST,6.4,6.4,0.5,0.0,1,6.4,,,
COLSTON LOVELAND,TE,0.0,0.0,0.5,0.0,1,0.0,,0.0,
COREY KINER,RB,0.0,0.0,0.5,0.0,1,0.0,,0.0,
Cairo Santos,K,7.3,7.3,0.5,0.0,1,7.3,,,
Cam Little,K,6.6,6.6,0.5,0.0,1,6.6,,,
Cameron Dicker,K,7.9,7.9,0.5,0.0,1,7.9,,,
Chad Ryland,K,0.0,0.0,0.5,0.0,1,0.0,,,
Chase McLaughlin,K,8.6,8.6,0.5,0.0,1,8.6,,,
Chris Boswell,K,7.2,7.2,0.5,0.0,1,7.2,,,
D.ACHANE,WR,,,,,2,,16.0,74.0,177.0
D.ADAMS,WR,,,,,2,,16.0,117.0,0.0
D.Achane,RB,299.9,299.9,0.5,0.0,1,299.9,,87.0,
D.Adams,WR,241.3,241.3,0.5,0.0,1,241.3,,141.0,
D.Allen,TE,18.2,18.2,0.5,0.0,1,18.2,,15.0,
D.BELLINGER,WR,,,,,2,,16.0,13.0,0.0
D.BROWN,WR,,,,,2,,16.0,48.0,2.0
D.BRUNSKILL,WR,,,0.5,0.0,1,,16.0,0.0,13.0
D.Bell,WR,5.7,5.7,0.5,0.0,1,5.7,,3.0,
D.Bellinger,TE,26.5,26.5,0.5,0.0,1,26.5,,17.0,
D.Brown,WR,108.3,108.3,0.5,0.0,1,108.3,,58.0,
D.CARTER,TE,,,,,2,,16.0,12.0,0.0
D.Carr,QB,150.9,150.9,0.5,0.0,1,150.9,,0.0,
D.Carter,WR,16.199999,16.199999,0.5,0.0,1,16.199999,,14.0,
D.Chark,WR,15.1,15.1,0.5,0.0,1,15.1,,14.0,
D.Chisena,WR,6.7,6.7,0.5,0.0,1,6.7,,4.0,
D.Cook,RB,4.0,4.0,0.5,0.0,1,4.0,,1.0,
D.Culp,TE,13.799999,13.799999,0.5,0.0,1,13.799999,,6.0,
D.DAVIS,WR,,,,,2,,16.0,17.0,8.0
D.DOUGLAS,WR,,,,,2,,16.0,80.0,2.0
D.DUVERNAY,WR,,,,,2,,16.0,12.0,3.0
D.Dallas,RB,21.0,21.0,0.5,0.0,1,21.0,,3.0,
D.Davis,WR,41.2,41.2,0.5,0.0,1,41.2,,18.0,
D.Douglas,WR,147.7,147.7,0.5,0.0,1,147.7,,87.0,
D.Duvernay,WR,19.2,19.2,0.5,0.0,1,19.2,,16.0,
D.Eskridge,WR,7.4,7.4,0.5,0.0,1,7.4,,3.0,
D.Evans,RB,0.3,0.3,0.5,0.0,1,0.3,,0.0,
D.FOREMAN,WR,,,,,2,,16.0,6.0,40.0
D.Foreman,RB,32.6,32.6,0.5,0.0,1,32.6,,8.0,
D.GOEDERT,WR,,,,,2,,16.0,56.0,1.0
D.Goedert,TE,149.4,149.4,0.5,0.0,1,149.4,,72.0,
D.HENRY,RB,,,,,2,,16.0,8.0,256.0
D.HOPKINS,WR,,,,,2,,16.0,89.0,0.0
D.Henry,RB,381.4,381.4,0.5,0.0,1,381.4,,24.0,
D.Holker,TE,5.1,5.1,0.5,0.0,1,5.1,,4.0,
D.Hopkins,WR,160.9,160.9,0.5,0.0,1,160.9,,88.0,
D.JOHNSON,WR,,,,,2,,16.0,18.0,25.0
D.JONES,WR,,,,,2,,16.0,0.0,27.0
D.Johnson,RB,35.9,63.5999975,0.03484320861003559,-0.6002166630669915,16,1017.59996,,19.0,
D.Jones,QB,135.3,135.3,0.5,0.0,1,135.3,,0.0,
D.KINCAID,WR,,,,,2,,16.0,47.0,0.0
D.KNOX,WR,,,,,2,,16.0,23.0,0.0
D.KRAMER,WR,,,,,2,,16.0,0.0,7.0
D.Kincaid,TE,113.9,113.9,0.5,0.0,1,113.9,,84.0,
D.Knox,TE,67.6,67.6,0.5,0.0,1,67.6,,39.0,
D.LOCK,WR,,,,,2,,16.0,1.0,9.0
D.LONDON,WR,,,,,2,,16.0,151.0,0.0
D.Lock,QB,80.14,80.14,0.5,0.0,1,80.14,,0.0,
D.London,WR,280.8,280.8,0.5,0.0,1,280.8,,158.0,
D.MAYE,WR,,,,,2,,16.0,3.0,42.0
D.METCALF,WR,,,,,2,,16.0,81.0,0.0
D.MONTGOMERY,WR,,,,,2,,16.0,25.0,149.0
D.MOONEY,WR,,,,,2,,16.0,100.0,0.0
D.MOORE,WR,,,,,2,,16.0,150.0,0.0
D.Martin-Robinson,TE,1.6,1.6,0.5,0.0,1,1.6,,2.0,
D.Maye,QB,177.14,177.14,0.5,0.0,1,177.14,,0.0,
D.Metcalf,WR,191.2,191.2,0.5,0.0,1,191.2,,108.0,
D.Mills,QB,9.58,9.58,0.5,0.0,1,9.58,,0.0,
D.Montgomery,RB,225.31999,225.31999,0.5,0.0,1,225.31999,,38.0,
D.Mooney,WR,193.2,193.2,0.5,0.0,1,193.2,,106.0,
D.Moore,WR,85.1,161.6,0.012903225806451613,-0.6398996235884568,16,2585.6,,57.0,
D.NJOKU,WR,,,,,2,,16.0,76.0,0.0
D.Njoku,TE,148.5,148.5,0.5,0.0,1,148.5,,97.0,
D.OGUNBOWALE,WR,,,,,2,,16.0,21.0,28.0
D.Ogunbowale,RB,58.4,58.4,0.5,0.0,1,58.4,,29.0,
D.PETTIS,WR,,,,,2,,16.0,19.0,0.0
D.PIERCE,WR,,,,,2,,16.0,3.0,26.0
D.Pettis,WR,32.0,32.0,0.5,0.0,1,32.0,,28.0,
D.Pierce,RB,46.0,46.0,0.5,0.0,1,46.0,,5.0,
D.Prescott,QB,116.520004,116.520004,0.5,0.0,1,116.520004,,0.0,
D.ROBINSON,WR,,,,,2,,16.0,66.0,0.0
D.Ridder,QB,21.92,21.92,0.5,0.0,1,21.92,,0.0,
D.Robinson,WR,137.2,137.2,0.5,0.0,1,137.2,,73.0,
D.SAMPLE,WR,,,,,2,,16.0,16.0,0.0
D.SAMUEL,WR,,,,,2,,16.0,55.0,40.0
D.SCHULTZ,WR,,,,,2,,16.0,72.0,0.0
D.SINGLETARY,WR,,,,,2,,16.0,18.0,95.0
D.SKIPPER,WR,,,,,2,,16.0,0.0,27.0
D.SLAYTON,WR,,,,,2,,16.0,54.0,1.0
D.SMITH,WR,,,,,2,,16.0,68.0,0.0
D.SMYTHE,WR,,,0.5,0.0,1,,16.0,15.0,0.0
D.SWIFT,WR,,,,,2,,16.0,39.0,159.0
D.Sample,TE,36.5,36.5,0.5,0.0,1,36.5,,22.0,
D.Samuel,WR,155.6,155.6,0.5,0.0,1,155.6,,81.0,
D.Schultz,TE,132.8,132.8,0.5,0.0,1,132.8,,93.0,
D.Singletary,RB,96.6,96.6,0.5,0.0,1,96.6,,24.0,
D.Slayton,WR,110.0,110.0,0.5,0.0,1,110.0,,71.0,
D.Smith,WR,240.4,240.4,0.5,0.0,1,240.4,,106.0,
D.Smythe,TE,14.299999,14.299999,0.5,0.0,1,14.299999,,17.0,
D.Swift,RB,214.5,214.5,0.5,0.0,1,214.5,,52.0,
D.THOMPSON,WR,,,,,2,,16.0,5.0,16.0
D.TURNER,WR,,,,,2,,16.0,26.0,3.0
D.Thompkins,WR,6.7000003,6.7000003,0.5,0.0,1,6.7000003,,4.0,
D.Thompson-Robinson,QB,15.8,15.8,0.5,0.0,1,15.8,,0.0,
D.Turner,WR,47.1,47.1,0.5,0.0,1,47.1,,29.0,
D.VAUGHN,WR,,,,,2,,16.0,5.0,10.0
D.VELE,WR,,,,,2,,16.0,33.0,0.0
D.Vaughn,RB,11.8,11.8,0.5,0.0,1,11.8,,5.0,
D.Vele,WR,106.5,106.5,0.5,0.0,1,106.5,,57.0,
D.WASHINGTON,WR,,,,,2,,16.0,24.0,0.0
D.WATSON,WR,,,,,2,,16.0,2.0,20.0
D.WICKS,WR,,,,,2,,16.0,67.0,0.0
D.Walker,WR,9.1,9.1,0.5,0.0,1,9.1,,3.0,
D.Washington,TE,46.9,46.9,0.5,0.0,1,46.9,,28.0,
D.Watson,QB,76.72,76.72,0.5,0.0,1,76.72,,0.0,
D.Wicks,WR,116.4,116.4,0.5,0.0,1,116.4,,82.0,
DAL DST,DST,7.5,7.5,0.5,0.0,1,7.5,,,
DAMIEN MARTINEZ,RB,0.0,0.0,0.5,0.0,1,0.0,,0.0,
DAQUAN FELTON,WR,0.0,0.0,0.5,0.0,1,0.0,,0.0,
DEN DST,DST,5.8,5.8,0.5,0.0,1,5.8,,,
DET DST,DST,5.7,5.7,0.5,0.0,1,5.7,,,
DEVIN NEAL,RB,0.0,0.0,0.5,0.0,1,0.0,,0.0,
DILLON GABRIEL,QB,0.0,0.0,0.5,0.0,1,0.0,,0.0,
DJ GIDDENS,RB,0.0,0.0,0.5,0.0,1,0.0,,0.0,
DOMINIC LOVETT,WR,0.0,0.0,0.5,0.0,1,0.0,,0.0,
DONOVAN EDWARDS,RB,0.0,0.0,0.5,0.0,1,0.0,,0.0,
DONTE THORNTON JR,WR,0.0,0.0,0.5,0.0,1,0.0,,0.0,
DYLAN SAMPSON,RB,0.0,0.0,0.5,0.0,1,0.0,,0.0,
Daniel Carlson,K,7.4,7.4,0.5,0.0,1,7.4,,,
Dustin Hopkins,K,7.6,7.6,0.5,0.0,1,7.6,,,
E.ALL,WR,,,,,2,,16.0,14.0,0.0
E.All,TE,35.8,35.8,0.5,0.0,1,35.8,,22.0,
E.DEMERCADO,WR,,,,,2,,16.0,13.0,18.0
E.Demercado,RB,54.7,54.7,0.5,0.0,1,54.7,,20.0,
E.ELLIOTT,WR,,,,,2,,16.0,13.0,66.0
E.ENGRAM,WR,,,,,2,,16.0,43.0,0.0
E.Elliott,RB,57.5,57.5,0.5,0.0,1,57.5,,15.0,
E.Engram,TE,89.5,89.5,0.5,0.0,1,89.5,,64.0,
E.GRAY,WR,,,,,2,,16.0,8.0,9.0
E.Gray,RB,19.3,19.3,0.5,0.0,1,19.3,,11.0,
E.HIGGINS,WR,,,,,2,,16.0,23.0,0.0
E.Higgins,TE,49.2,49.2,0.5,0.0,1,49.2,,24.0,
E.Jenkins,TE,7.7,7.7,0.5,0.0,1,7.7,,2.0,
E.MOORE,WR,,,,,2,,16.0,70.0,1.0
E.Moore,WR,120.9,120.9,0.5,0.0,1,120.9,,102.0,
E.SAUBERT,WR,,,0.5,0.0,1,,16.0,11.0,0.0
E.Saubert,TE,26.699999,26.699999,0.5,0.0,1,26.699999,,14.0,
E.Tomlinson,TE,2.9,2.9,0.5,0.0,1,2.9,,4.0,
E.Wilson,RB,99.9,99.9,0.5,0.0,1,99.9,,17.0,
EFTON CHISM III,WR,0.0,0.0,0.5,0.0,1,0.0,,0.0,
ELIC AYOMANOR,WR,0.0,0.0,0.5,0.0,1,0.0,,0.0,
ELIJAH ARROYO,TE,0.0,0.0,0.5,0.0,1,0.0,,0.0,
ELIJHAH BADGER,WR,0.0,0.0,0.5,0.0,1,0.0,,0.0,
EMEKA EGBUKA,WR,0.0,0.0,0.5,0.0,1,0.0,,0.0,
Evan McPherson,K,8.5,8.5,0.5,0.0,1,8.5,,,
F.Franks,TE,2.2,2.2,0.5,0.0,1,2.2,,3.0,
F.MOREAU,WR,,,,,2,,16.0,35.0,0.0
F.Moreau,TE,103.3,103.3,0.5,0.0,1,103.3,,43.0,
G.CALCATERRA,TE,,,,,2,,16.0,28.0,0.0
G.Calcaterra,TE,61.2,61.2,0.5,0.0,1,61.2,,31.0,
G.DAVIS,WR,,,,,2,,16.0,41.0,0.0
G.DORTCH,WR,,,,,2,,16.0,38.0,3.0
G.DULCICH,WR,,,0.5,0.0,1,,16.0,11.0,0.0
G.Davis,WR,53.9,53.9,0.5,0.0,1,53.9,,42.0,
G.Dortch,WR,90.3,90.3,0.5,0.0,1,90.3,,50.0,
G.DuBose,WR,3.1,3.1,0.5,0.0,1,3.1,,4.0,
G.Dulcich,TE,7.7999997,7.7999997,0.5,0.0,1,7.7999997,,12.0,
G.EDWARDS,WR,,,,,2,,16.0,3.0,78.0
G.Edwards,RB,66.3,66.3,0.5,0.0,1,66.3,,5.0,
G.Everett,TE,11.599999,11.599999,0.5,0.0,1,11.599999,,13.0,
G.Holani,RB,1.9,1.9,0.5,0.0,1,1.9,,1.0,
G.KITTLE,TE,,,,,2,,16.0,93.0,0.0
G.Kittle,TE,236.6,236.6,0.5,0.0,1,236.6,,94.0,
G.MINSHEW,WR,,,,,2,,16.0,5.0,8.0
G.Minshew,QB,96.32,96.32,0.5,0.0,1,96.32,,0.0,
G.PICKENS,WR,,,,,2,,16.0,79.0,1.0
G.Pickens,WR,184.1,184.1,0.5,0.0,1,184.1,,108.0,
G.SMITH,WR,,,,,2,,16.0,1.0,25.0
G.Smith,QB,266.0,266.0,0.5,0.0,1,266.0,,0.0,
G.Swaim,TE,1.7,1.7,0.5,0.0,1,1.7,,1.0,
G.WILSON,WR,,,,,2,,16.0,117.0,1.0
G.Wilson,WR,251.9,251.9,0.5,0.0,1,251.9,,153.0,
GAVIN BARTHOLOMEW,TE,0.0,0.0,0.5,0.0,1,0.0,,0.0,
GB DST,DST,6.4,6.4,0.5,0.0,1,6.4,,,
GRAHAM MERTZ,QB,0.0,0.0,0.5,0.0,1,0.0,,0.0,
GUNNAR HELM,TE,0.0,0.0,0.5,0.0,1,0.0,,0.0,
Graham Gano,K,6.6,6.6,0.5,0.0,1,6.6,,,
Greg Joseph,K,0.0,0.0,0.5,0.0,1,0.0,,,
H.Bryant,TE,17.6,17.6,0.5,0.0,1,17.6,,12.0,
H.HASKINS,WR,,,,,2,,16.0,3.0,17.0
H.HENRY,RB,,,,,2,,16.0,90.0,0.0
H.HURST,WR,,,,,2,,16.0,11.0,0.0
H.Haskins,RB,33.3,33.3,0.5,0.0,1,33.3,,4.0,
H.Henry,TE,145.4,145.4,0.5,0.0,1,145.4,,97.0,
H.Hooker,QB,2.68,2.68,0.5,0.0,1,2.68,,0.0,
H.Hurst,TE,15.3,15.3,0.5,0.0,1,15.3,,13.0,
H.LUEPKE,WR,,,,,2,,16.0,12.0,10.0
H.Long,TE,21.3,21.3,0.5,0.0,1,21.3,,11.0,
HAROLD FANNIN JR,TE,0.0,0.0,0.5,0.0,1,0.0,,0.0,
HOU DST,DST,6.9,6.9,0.5,0.0,1,6.9,,,
Harrison Butker,K,8.8,8.8,0.5,0.0,1,8.8,,,
I.DAVIS,WR,,,,,2,,16.0,10.0,25.0
I.Davis,RB,45.9,45.9,0.5,0.0,1,45.9,,12.0,
I.GUERENDO,WR,,,,,2,,16.0,14.0,66.0
I.Guerendo,RB,96.2,96.2,0.5,0.0,1,96.2,,16.0,
I.Hodgins,WR,3.2,3.2,0.5,0.0,1,3.2,,2.0,
I.LIKELY,WR,,,,,2,,16.0,47.0,0.0
I.Likely,TE,149.3,149.3,0.5,0.0,1,149.3,,67.0,
I.PACHECO,WR,,,,,2,,16.0,15.0,61.0
I.Pacheco,RB,65.3,65.3,0.5,0.0,1,65.3,,21.0,
I.Smith,TE,1.2,1.2,0.5,0.0,1,1.2,,1.0,
I.Smith-Marsette,WR,6.0,6.0,0.5,0.0,1,6.0,,0.0,
I.Thomas,TE,3.7,3.7,0.5,0.0,1,3.7,,6.0,
I.Williams,WR,2.6,2.6,0.5,0.0,1,2.6,,3.0,
IND DST,DST,5.9,5.9,0.5,0.0,1,5.9,,,
ISAAC TESLAA,WR,0.0,0.0,0.5,0.0,1,0.0,,0.0,
ISAIAH BOND,WR,0.0,0.0,0.5,0.0,1,0.0,,0.0,
ISAIAH NEYOR,WR,0.0,0.0,0.5,0.0,1,0.0,,0.0,
J.ADDISON,WR,,,,,2,,16.0,80.0,2.0
J.AKINS,WR,,,,,2,,16.0,34.0,0.0
J.ALLEN,QB,,,,,2,,16.0,0.0,66.0
J.Addison,WR,218.40001,218.40001,0.5,0.0,1,218.40001,,107.0,
J.Akins,TE,91.0,91.0,0.5,0.0,1,91.0,,58.0,
J.Allen,QB,438.28,438.28,0.5,0.0,1,438.28,,0.0,
J.BATES,TE,,,0.5,0.0,1,,16.0,11.0,0.0
J.BOBO,WR,,,,,2,,16.0,15.0,0.0
J.BRISSETT,WR,,,0.5,0.0,1,,16.0,1.0,11.0
J.BROOKS,WR,,,,,2,,16.0,31.0,5.0
J.BURROW,QB,,,,,2,,16.0,3.0,23.0
J.BURTON,WR,,,,,2,,16.0,11.0,0.0
J.Baker,WR,2.2,2.2,0.5,0.0,1,2.2,,4.0,
J.Bates,TE,20.5,20.5,0.5,0.0,1,20.5,,18.0,
J.Bell,TE,4.0,4.0,0.5,0.0,1,4.0,,3.0,
J.Bobo,WR,29.7,29.7,0.5,0.0,1,29.7,,17.0,
J.Brissett,QB,45.24,45.24,0.5,0.0,1,45.24,,0.0,
J.Brooks,RB,7.4999995,21.599999750000002,0.06622516446647078,-0.7683923841961853,16,345.59999600000003,,3.0,
J.Burrow,QB,372.82,372.82,0.5,0.0,1,372.82,,0.0,
J.Burton,WR,14.7,14.7,0.5,0.0,1,14.7,,14.0,
J.CHASE,WR,,,,,2,,16.0,85.0,0.0
J.CHESTNUT,WR,,,,,2,,16.0,2.0,13.0
J.COKER,WR,,,,,2,,16.0,36.0,0.0
J.CONNER,WR,,,,,2,,16.0,48.0,173.0
J.COOK,RB,,,,,2,,16.0,31.0,164.0
J.CROWDER,WR,,,,,2,,16.0,13.0,0.0
J.Chase,WR,403.0,403.0,0.5,0.0,1,403.0,,175.0,
J.Chestnut,RB,13.3,13.3,0.5,0.0,1,13.3,,3.0,
J.Coker,WR,92.56,92.56,0.5,0.0,1,92.56,,46.0,
J.Conner,RB,253.8,253.8,0.5,0.0,1,253.8,,55.0,
J.Cook,RB,324.3,324.3,0.5,0.0,1,324.3,,44.0,
J.Cowing,WR,12.7,12.7,0.5,0.0,1,12.7,,6.0,
J.Crowder,WR,34.1,34.1,0.5,0.0,1,34.1,,18.0,
J.DANIELS,WR,,,,,2,,16.0,0.0,126.0
J.DOBBINS,WR,,,,,2,,16.0,29.0,157.0
J.DOTSON,WR,,,,,2,,16.0,22.0,0.0
J.DOWNS,WR,,,,,2,,16.0,77.0,0.0
J.Daniels,QB,428.19998,428.19998,0.5,0.0,1,428.19998,,0.0,
J.Darden,WR,1.6,1.6,0.5,0.0,1,1.6,,1.0,
J.Deguara,TE,4.4,4.4,0.5,0.0,1,4.4,,3.0,
J.Dobbins,RB,194.4,194.4,0.5,0.0,1,194.4,,39.0,
J.Dobbs,QB,30.84,30.84,0.5,0.0,1,30.84,,0.0,
J.Dotson,WR,56.2,56.2,0.5,0.0,1,56.2,,38.0,
J.Downs,WR,182.2,182.2,0.5,0.0,1,182.2,,107.0,
J.FERGUSON,WR,,,,,2,,16.0,54.0,0.0
J.FIELDS,WR,,,,,2,,16.0,0.0,44.0
J.FORD,WR,,,,,2,,16.0,36.0,77.0
J.Ferguson,TE,104.4,104.4,0.5,0.0,1,104.4,,86.0,
J.Fields,QB,119.14,119.14,0.5,0.0,1,119.14,,0.0,
J.FitzPatrick,TE,1.2,1.2,0.5,0.0,1,1.2,,1.0,
J.Flacco,QB,99.04,99.04,0.5,0.0,1,99.04,,0.0,
J.Ford,RB,134.0,134.0,0.5,0.0,1,134.0,,43.0,
J.Fortson,TE,1.5,1.5,0.5,0.0,1,1.5,,3.0,
J.GIBBS,WR,,,,,2,,16.0,37.0,221.0
J.GOFF,WR,,,,,2,,16.0,13.0,16.0
J.Garoppolo,QB,19.86,19.86,0.5,0.0,1,19.86,,0.0,
J.Gibbs,RB,390.4,390.4,0.5,0.0,1,390.4,,74.0,
J.Goff,QB,333.68,333.68,0.5,0.0,1,333.68,,1.0,
J.HASTY,WR,,,,,2,,16.0,9.0,13.0
J.HERBERT,QB,,,,,2,,16.0,0.0,27.0
J.HILL,WR,,,,,2,,16.0,50.0,41.0
J.HURTS,WR,,,,,2,,16.0,1.0,130.0
J.HYATT,WR,,,,,2,,16.0,14.0,0.0
J.Haener,QB,13.24,13.24,0.5,0.0,1,13.24,,0.0,
J.Hasty,RB,28.8,28.8,0.5,0.0,1,28.8,,12.0,
J.Herbert,QB,291.08002,291.08002,0.5,0.0,1,291.08002,,0.0,
J.Hill,TE,22.0,84.65,0.015710919088766692,-0.8449089683074849,16,1354.4,,19.0,
J.Hurts,QB,411.56,411.56,0.5,0.0,1,411.56,,0.0,
J.Hyatt,WR,14.2,14.2,0.5,0.0,1,14.2,,19.0,
J.JACOBS,WR,,,,,2,,16.0,4.0,236.0
J.JEFFERSON,WR,,,,,2,,16.0,140.0,0.0
J.JENNINGS,WR,,,,,2,,16.0,96.0,0.0
J.JEUDY,WR,,,,,2,,16.0,94.0,0.0
J.JOHNSON,WR,,,,,2,,16.0,54.0,4.0
J.JONES,WR,,,,,2,,16.0,6.0,24.0
J.Jackson,WR,1.3,1.3,0.5,0.0,1,1.3,,3.0,
J.Jacobs,RB,314.2,314.2,0.5,0.0,1,314.2,,46.0,
J.Jefferson,RB,4.2,166.23999999999998,0.006133464180569185,-0.9842079689018465,16,2659.8399999999997,,1.0,
J.Jennings,WR,210.5,210.5,0.5,0.0,1,210.5,,113.0,
J.Jeudy,WR,240.9,240.9,0.5,0.0,1,240.9,,145.0,
J.Johnson,QB,0.78,61.79,0.016126431220770843,-0.98562197092084,16,988.64,,0.0,
J.Kelley,RB,0.2,0.2,0.5,0.0,1,0.2,,0.0,
J.Kibodi,RB,4.9,4.9,0.5,0.0,1,4.9,,3.0,
J.LOVE,WR,,,,,2,,16.0,1.0,14.0
J.Love,QB,237.34,237.34,0.5,0.0,1,237.34,,0.0,
J.MASON,WR,,,,,2,,16.0,9.0,116.0
J.MCLAUGHLIN,WR,,,,,2,,16.0,18.0,78.0
J.MCMILLAN,WR,,,,,2,,16.0,43.0,2.0
J.MCNICHOLS,WR,,,,,2,,16.0,8.0,51.0
J.METCHIE,WR,,,,,2,,16.0,33.0,0.0
J.MEYERS,WR,,,,,2,,16.0,105.0,0.0
J.MIMS,WR,,,,,2,,16.0,16.0,15.0
J.MINGO,WR,,,,,2,,16.0,31.0,0.0
J.MIXON,RB,,,,,2,,16.0,49.0,196.0
J.MUNDT,WR,,,,,2,,16.0,25.0,0.0
J.Mason,RB,115.0,115.0,0.5,0.0,1,115.0,,14.0,
J.McClellan,RB,3.2,3.2,0.5,0.0,1,3.2,,0.0,
J.McLaughlin,RB,98.0,98.0,0.5,0.0,1,98.0,,28.0,
J.McMillan,WR,141.5,141.5,0.5,0.0,1,141.5,,62.0,
J.McNichols,RB,70.7,70.7,0.5,0.0,1,70.7,,12.0,
J.Metchie,WR,65.7,65.7,0.5,0.0,1,65.7,,47.0,
J.Meyers,WR,218.0,218.0,0.5,0.0,1,218.0,,129.0,
J.Milton,QB,19.24,19.24,0.5,0.0,1,19.24,,0.0,
J.Mims,RB,26.1,26.1,0.5,0.0,1,26.1,,18.0,
J.Mingo,WR,32.2,32.2,0.5,0.0,1,32.2,,42.0,
J.Mixon,RB,275.4,275.4,0.5,0.0,1,275.4,,57.0,
J.Mundt,TE,50.0,50.0,0.5,0.0,1,50.0,,30.0,
J.NAILOR,WR,,,,,2,,16.0,37.0,2.0
J.Nailor,WR,111.3,111.3,0.5,0.0,1,111.3,,47.0,
J.OJUKWU,WR,,,0.5,0.0,1,,16.0,0.0,19.0
J.OLIVER,WR,,,,,2,,16.0,23.0,0.0
J.Oliver,TE,67.3,67.3,0.5,0.0,1,67.3,,29.0,
J.PALMER,WR,,,,,2,,16.0,52.0,0.0
J.POLK,WR,,,,,2,,16.0,32.0,0.0
J.Palmer,WR,107.4,107.4,0.5,0.0,1,107.4,,65.0,
J.Polk,WR,32.7,32.7,0.5,0.0,1,32.7,,33.0,
J.Proche,WR,5.1,5.1,0.5,0.0,1,5.1,,3.0,
J.REAGOR,WR,,,0.5,0.0,1,,16.0,9.0,2.0
J.REED,WR,,,,,2,,16.0,50.0,14.0
J.REYNOLDS,WR,,,,,2,,16.0,13.0,0.0
J.RUCKERT,WR,,,,,2,,16.0,15.0,0.0
J.Reagor,WR,14.7,14.7,0.5,0.0,1,14.7,,12.0,
J.Reed,WR,205.6,205.6,0.5,0.0,1,205.6,,79.0,
J.Reynolds,WR,38.4,38.4,0.5,0.0,1,38.4,,24.0,
J.Ross,WR,1.6,1.6,0.5,0.0,1,1.6,,2.0,
J.Ruckert,TE,28.5,28.5,0.5,0.0,1,28.5,,28.0,
J.SANDERS,WR,,,,,2,,16.0,35.0,0.0
J.SMITH,WR,,,,,2,,16.0,221.0,4.0
J.Sanders,TE,73.2,73.2,0.5,0.0,1,73.2,,43.0,
J.Shenker,TE,1.7,1.7,0.5,0.0,1,1.7,,1.0,
J.Smith,TE,222.3,222.3,0.5,0.0,1,222.3,,111.0,
J.Smith-Njigba,WR,253.0,253.0,0.5,0.0,1,253.0,,137.0,
J.Smith-Schuster,WR,64.7,64.7,0.5,0.0,1,64.7,,32.0,
J.Stidham,QB,0.5,0.5,0.5,0.0,1,0.5,,0.0,
J.Stoll,TE,3.0,3.0,0.5,0.0,1,3.0,,3.0,
J.TAYLOR,RB,,,,,2,,16.0,27.0,235.0
J.TOLBERT,WR,,,,,2,,16.0,70.0,0.0
J.Taylor,RB,6.3999996,126.5499998,0.008254230279398712,-0.9701251530076705,16,2024.7999968,,3.0,
J.Thrash,WR,5.2,5.2,0.5,0.0,1,5.2,,7.0,
J.Tolbert,WR,152.0,152.0,0.5,0.0,1,152.0,,79.0,
J.WADDLE,WR,,,,,2,,16.0,67.0,3.0
J.WARREN,WR,,,,,2,,16.0,44.0,103.0
J.WHITTINGTON,WR,,,,,2,,16.0,21.0,2.0
J.WHYLE,WR,,,,,2,,16.0,24.0,0.0
J.WILLIAMS,WR,,,,,2,,16.0,72.0,95.0
J.WILSON,WR,,,,,2,,16.0,14.0,13.0
J.WINSTON,WR,,,,,2,,16.0,4.0,14.0
J.WRIGHT,WR,,,,,2,,16.0,6.0,54.0
J.Waddle,WR,149.6,149.6,0.5,0.0,1,149.6,,83.0,
J.Ward,RB,2.1999998,2.1999998,0.5,0.0,1,2.1999998,,0.0,
J.Warren,RB,130.6,130.6,0.5,0.0,1,130.6,,52.0,
J.Watson,WR,66.9,66.9,0.5,0.0,1,66.9,,32.0,
J.Whittington,WR,54.7,54.7,0.5,0.0,1,54.7,,29.0,
J.Whyle,TE,60.8,60.8,0.5,0.0,1,60.8,,37.0,
J.Wiley,TE,1.7,1.7,0.5,0.0,1,1.7,,1.0,
J.Williams,RB,37.100002,142.1666673333333,0.012601435512151463,-0.8315649778956674,81,11515.500054,,11.0,
J.Wilson,WR,14.8,12.6999995,0.32258059313216236,0.3620690829369899,16,203.199992,,16.0,
J.Winston,QB,131.14,131.14,0.5,0.0,1,131.14,,0.0,
J.Wright,RB,26.7,26.7,0.5,0.0,1,26.7,,6.0,
JACK BECH,WR,0.0,0.0,0.5,0.0,1,0.0,,0.0,
JACKSON HAWES,TE,0.0,0.0,0.5,0.0,1,0.0,,0.0,
JACOLBY GEORGE,WR,0.0,0.0,0.5,0.0,1,0.0,,0.0,
JACOREY BROOKS,WR,0.0,0.0,0.5,0.0,1,0.0,,0.0,
JACORY CROSKEY-MERRITT,RB,0.0,0.0,0.5,0.0,1,0.0,,0.0,
JAKE BRININGSTOOL,TE,0.0,0.0,0.5,0.0,1,0.0,,0.0,
JALEN MILROE,QB,0.0,0.0,0.5,0.0,1,0.0,,0.0,
JALEN ROYALS,WR,0.0,0.0,0.5,0.0,1,0.0,,0.0,
JALIN CONYERS,TE,0.0,0.0,0.5,0.0,1,0.0,,0.0,
JAMAAL PRITCHETT,WR,0.0,0.0,0.5,0.0,1,0.0,,0.0,
JARQUEZ HUNTER,RB,0.0,0.0,0.5,0.0,1,0.0,,0.0,
JAX DST,DST,5.5,5.5,0.5,0.0,1,5.5,,,
JAXSON DART,QB,0.0,0.0,0.5,0.0,1,0.0,,0.0,
JAYDEN HIGGINS,WR,0.0,0.0,0.5,0.0,1,0.0,,0.0,
JAYDON BLUE,RB,0.0,0.0,0.5,0.0,1,0.0,,0.0,
JAYLIN LANE,WR,0.0,0.0,0.5,0.0,1,0.0,,0.0,
JAYLIN NOEL,WR,0.0,0.0,0.5,0.0,1,0.0,,0.0,
JIMMY HORN JR,WR,0.0,0.0,0.5,0.0,1,0.0,,0.0,
JORDAN JAMES,RB,0.0,0.0,0.5,0.0,1,0.0,,0.0,
JORDAN WATKINS,WR,0.0,0.0,0.5,0.0,1,0.0,,0.0,
JOSH KELLY,WR,0.0,0.0,0.5,0.0,1,0.0,,0.0,
JOSHUA SIMON,TE,0.0,0.0,0.5,0.0,1,0.0,,0.0,
JUNIOR BERGEN,WR,0.0,0.0,0.5,0.0,1,0.0,,0.0,
Jake Bates,K,8.2,8.2,0.5,0.0,1,8.2,,,
Jake Elliott,K,8.3,8.3,0.5,0.0,1,8.3,,,
Jake Moody,K,8.4,8.4,0.5,0.0,1,8.4,,,
Jason Myers,K,7.9,7.9,0.5,0.0,1,7.9,,,
Jason Sanders,K,8.1,8.1,0.5,0.0,1,8.1,,,
Joey Slye,K,6.5,6.5,0.5,0.0,1,6.5,,,
Joshua Karty,K,6.9,6.9,0.5,0.0,1,6.9,,,
K.ALLEN,QB,,,,,2,,16.0,109.0,0.0
K.AUSTIN,WR,,,,,2,,16.0,17.0,0.0
K.Allen,QB,0.76,92.58,0.010773540185304891,-0.9905070118662352,16,1481.28,,0.0,
K.Austin,WR,27.0,27.0,0.5,0.0,1,27.0,,22.0,
K.BOURNE,WR,,,,,2,,16.0,36.0,0.0
K.BOUTTE,TE,,,,,2,,16.0,56.0,0.0
K.Bourne,WR,65.1,65.1,0.5,0.0,1,65.1,,38.0,
K.Boutte,WR,121.9,121.9,0.5,0.0,1,121.9,,68.0,
K.COLEMAN,WR,,,,,2,,16.0,47.0,0.0
K.Coleman,WR,118.7,118.7,0.5,0.0,1,118.7,,65.0,
K.Cousins,QB,176.32,176.32,0.5,0.0,1,176.32,,0.0,
K.GAINWELL,WR,,,,,2,,16.0,19.0,68.0
K.GRANSON,WR,,,,,2,,16.0,27.0,0.0
K.Gainwell,RB,72.4,72.4,0.5,0.0,1,72.4,,25.0,
K.Granson,TE,32.2,32.2,0.5,0.0,1,32.2,,31.0,
K.HERBERT,QB,,,,,2,,16.0,8.0,27.0
K.HODGE,WR,,,0.5,0.0,1,,16.0,11.0,0.0
K.HUNT,WR,,,,,2,,16.0,20.0,136.0
K.Herbert,RB,31.5,31.5,0.5,0.0,1,31.5,,11.0,
K.Hodge,WR,32.1,32.1,0.5,0.0,1,32.1,,12.0,
K.Hunt,RB,183.4,183.4,0.5,0.0,1,183.4,,35.0,
K.JUSZCZYK,WR,,,,,2,,16.0,20.0,4.0
K.Johnson,WR,1.1,1.1,0.5,0.0,1,1.1,,1.0,
K.MCINTOSH,WR,,,,,2,,16.0,3.0,22.0
K.MILLER,WR,,,,,2,,16.0,5.0,26.0
K.MURRAY,WR,,,,,2,,16.0,4.0,49.0
K.McIntosh,RB,22.4,22.4,0.5,0.0,1,22.4,,4.0,
K.Miller,RB,29.099998,29.099998,0.5,0.0,1,29.099998,,8.0,
K.Mitchell,RB,6.8,6.8,0.5,0.0,1,6.8,,1.0,
K.Murray,QB,297.24,297.24,0.5,0.0,1,297.24,,0.0,
K.Nwangwu,RB,6.0,6.0,0.5,0.0,1,6.0,,0.0,
K.OSBORN,WR,,,,,2,,16.0,12.0,0.0
K.Osborn,WR,18.7,18.7,0.5,0.0,1,18.7,,18.0,
K.PITTS,WR,,,,,2,,16.0,71.0,0.0
K.Pickett,QB,24.44,24.44,0.5,0.0,1,24.44,,0.0,
K.Pitts,TE,131.2,131.2,0.5,0.0,1,131.2,,74.0,
K.Pryor,WR,1.9,1.9,0.5,0.0,1,1.9,,1.0,
K.RAYMOND,WR,,,,,2,,16.0,17.0,1.0
K.Raymond,WR,63.199997,63.199997,0.5,0.0,1,63.199997,,25.0,
K.SHAKIR,WR,,,,,2,,16.0,91.0,1.0
K.Shakir,WR,217.9,217.9,0.5,0.0,1,217.9,,120.0,
K.TURPIN,WR,,,,,2,,16.0,35.0,8.0
K.Turpin,WR,104.2,104.2,0.5,0.0,1,104.2,,52.0,
K.VIDAL,WR,,,,,2,,16.0,6.0,37.0
K.Vaughn,RB,0.4,0.4,0.5,0.0,1,0.4,,0.0,
K.Vidal,RB,32.7,32.7,0.5,0.0,1,32.7,,9.0,
K.WALKER,WR,,,,,2,,16.0,39.0,91.0
K.WILLIAMS,WR,,,,,2,,16.0,40.0,305.0
K.Walker,RB,181.2,181.2,0.5,0.0,1,181.2,,53.0,
K.Wilkerson,WR,9.8,9.8,0.5,0.0,1,9.8,,3.0,
K.Williams,RB,299.8,299.8,0.5,0.0,1,299.8,,45.0,
K.Yeboah,TE,15.700001,15.700001,0.5,0.0,1,15.700001,,8.0,
KADEN PRATHER,WR,0.0,0.0,0.5,0.0,1,0.0,,0.0,
KALEB JOHNSON,RB,0.0,0.0,0.5,0.0,1,0.0,,0.0,
KALEL MULLINGS,RB,0.0,0.0,0.5,0.0,1,0.0,,0.0,
KC DST,DST,6.6,6.6,0.5,0.0,1,6.6,,,
KEANDRE LAMBERT-SMITH,WR,0.0,0.0,0.5,0.0,1,0.0,,0.0,
KELLY AKHARAIYI,WR,0.0,0.0,0.5,0.0,1,0.0,,0.0,
KOBE HUDSON,WR,0.0,0.0,0.5,0.0,1,0.0,,0.0,
KONATA MUMPFIELD,WR,0.0,0.0,0.5,0.0,1,0.0,,0.0,
KURTIS ROURKE,QB,0.0,0.0,0.5,0.0,1,0.0,,0.0,
KYLE MCCORD,QB,0.0,0.0,0.5,0.0,1,0.0,,0.0,
KYLE MONANGAI,RB,0.0,0.0,0.5,0.0,1,0.0,,0.0,
KYLE WILLIAMS,WR,0.0,0.0,0.5,0.0,1,0.0,,0.0,
Ka'imi Fairbairn,K,8.5,8.5,0.5,0.0,1,8.5,,,
L.FARRELL,WR,,,,,2,,16.0,14.0,0.0
L.Farrell,TE,18.699999,18.699999,0.5,0.0,1,18.699999,,17.0,
L.HUMPHREY,WR,,,,,2,,16.0,35.0,0.0
L.Humphrey,WR,64.3,64.3,0.5,0.0,1,64.3,,45.0,
L.JACKSON,QB,,,,,2,,16.0,0.0,101.0
L.Jackson,QB,471.53998,471.53998,0.5,0.0,1,471.53998,,0.0,
L.KRULL,WR,,,,,2,,16.0,18.0,0.0
L.Krull,TE,35.4,35.4,0.5,0.0,1,35.4,,24.0,
L.MCCAFFREY,WR,,,,,2,,16.0,13.0,0.0
L.MCCONKEY,WR,,,,,2,,16.0,114.0,0.0
L.McCaffrey,WR,34.8,34.8,0.5,0.0,1,34.8,,25.0,
L.McConkey,WR,275.6,275.6,0.5,0.0,1,275.6,,126.0,
L.Musgrave,TE,11.5,11.5,0.5,0.0,1,11.5,,10.0,
L.SCHOONMAKER,WR,,,,,2,,16.0,22.0,0.0
L.Schoonmaker,TE,57.100002,57.100002,0.5,0.0,1,57.100002,,36.0,
L.Shenault,WR,14.7,14.7,0.5,0.0,1,14.7,,5.0,
LAC DST,DST,7.2,7.2,0.5,0.0,1,7.2,,,
LAJOHNTAY WESTER,WR,0.0,0.0,0.5,0.0,1,0.0,,0.0,
LAN LARISON,RB,0.0,0.0,0.5,0.0,1,0.0,,0.0,
LAR DST,DST,5.1,5.1,0.5,0.0,1,5.1,,,
LEQUINT ALLEN JR,RB,0.0,0.0,0.5,0.0,1,0.0,,0.0,
LUKE LACHEY,TE,0.0,0.0,0.5,0.0,1,0.0,,0.0,
LUTHER BURDEN III,WR,0.0,0.0,0.5,0.0,1,0.0,,0.0,
LV DST,DST,6.0,6.0,0.5,0.0,1,6.0,,,
M.ALIE,WR,,,,,2,,16.0,14.0,0.0
M.ANDREWS,TE,,,,,2,,16.0,56.0,7.0
M.Alie-Cox,TE,32.7,32.7,0.5,0.0,1,32.7,,22.0,
M.Andrews,TE,203.4,203.4,0.5,0.0,1,203.4,,79.0,
M.BROWN,WR,,,,,2,,16.0,25.0,0.0
M.Boone,RB,5.9,5.9,0.5,0.0,1,5.9,,3.0,
M.Brown,WR,28.1,28.1,0.5,0.0,1,28.1,,28.0,
M.CARTER,TE,,,,,2,,16.0,8.0,28.0
M.Carter,RB,35.8,35.8,0.5,0.0,1,35.8,,11.0,
M.Corley,WR,7.2,7.2,0.5,0.0,1,7.2,,6.0,
M.DUNN,WR,,,,,2,,16.0,0.0,12.0
M.EVANS,WR,,,,,2,,16.0,111.0,0.0
M.Evans,WR,262.6,262.6,0.5,0.0,1,262.6,,117.0,
M.GESICKI,WR,,,,,2,,16.0,82.0,0.0
M.Gaskin,RB,2.0,2.0,0.5,0.0,1,2.0,,1.0,
M.Gesicki,TE,141.5,141.5,0.5,0.0,1,141.5,,83.0,
M.HARDMAN,WR,,,,,2,,16.0,11.0,2.0
M.HARRISON,WR,,,,,2,,16.0,103.0,0.0
M.HEATH,WR,,,,,2,,16.0,12.0,0.0
M.HOLLINS,WR,,,,,2,,16.0,45.0,0.0
M.Hardman,WR,33.2,33.2,0.5,0.0,1,33.2,,14.0,
M.Harrison,WR,196.5,196.5,0.5,0.0,1,196.5,,116.0,
M.Heath,WR,31.7,31.7,0.5,0.0,1,31.7,,17.0,
M.Hollins,WR,120.2,120.2,0.5,0.0,1,120.2,,58.0,
M.JONES,WR,,,0.5,0.0,1,,16.0,2.0,11.0
M.Jones,QB,96.08,96.08,0.5,0.0,1,96.08,,0.0,
M.Kinsey,WR,3.6999998,3.6999998,0.5,0.0,1,3.6999998,,2.0,
M.LEE,WR,,,,,2,,16.0,0.0,11.0
M.Lewis,TE,1.2,1.2,0.5,0.0,1,1.2,,1.0,
M.Lloyd,RB,2.8,2.8,0.5,0.0,1,2.8,,1.0,
M.MARIOTA,WR,,,0.5,0.0,1,,16.0,0.0,12.0
M.MAYER,WR,,,,,2,,16.0,19.0,0.0
M.MIMS,WR,,,,,2,,16.0,46.0,10.0
M.Mariota,QB,45.86,45.86,0.5,0.0,1,45.86,,0.0,
M.Mayer,TE,36.6,36.6,0.5,0.0,1,36.6,,32.0,
M.Mims,WR,132.8,132.8,0.5,0.0,1,132.8,,56.0,
M.NABERS,WR,,,,,2,,16.0,141.0,3.0
M.Nabers,WR,273.6,273.6,0.5,0.0,1,273.6,,170.0,
M.PEART,WR,,,,,2,,16.0,0.0,30.0
M.PITTMAN,WR,,,,,2,,16.0,87.0,0.0
M.Penix,QB,44.1,44.1,0.5,0.0,1,44.1,,0.0,
M.Pittman,WR,165.8,165.8,0.5,0.0,1,165.8,,111.0,
M.Pruitt,TE,16.0,16.0,0.5,0.0,1,16.0,,10.0,
M.RUDOLPH,WR,,,,,2,,16.0,5.0,13.0
M.Rudolph,QB,95.8,95.8,0.5,0.0,1,95.8,,0.0,
M.SANDERS,WR,,,,,2,,16.0,20.0,31.0
M.STAFFORD,WR,,,0.5,0.0,1,,16.0,1.0,10.0
M.Sanders,RB,77.3,77.3,0.5,0.0,1,77.3,,30.0,
M.Stafford,QB,250.29999,250.29999,0.5,0.0,1,250.29999,,0.0,
M.TIPTON,WR,,,,,2,,16.0,22.0,0.0
M.Tipton,WR,23.9,23.9,0.5,0.0,1,23.9,,26.0,
M.Trubisky,QB,14.96,14.96,0.5,0.0,1,14.96,,0.0,
M.VALDES,WR,,,,,2,,16.0,36.0,0.0
M.Valdes-Scantling,WR,84.5,84.5,0.5,0.0,1,84.5,,44.0,
M.WASHINGTON,WR,,,,,2,,16.0,28.0,5.0
M.WILLIAMS,WR,,,,,2,,16.0,23.0,0.0
M.WILLIS,WR,,,,,2,,16.0,0.0,14.0
M.WOODS,WR,,,,,2,,16.0,15.0,0.0
M.Washington,WR,56.800003,56.800003,0.5,0.0,1,56.800003,,36.0,
M.White,QB,1.12,1.12,0.5,0.0,1,1.12,,0.0,
M.Williams,WR,61.5,61.5,0.5,0.0,1,61.5,,36.0,
M.Willis,QB,51.8,51.8,0.5,0.0,1,51.8,,0.0,
M.Wilson,WR,124.5,124.5,0.5,0.0,1,124.5,,71.0,
M.Woods,WR,13.5,13.5,0.5,0.0,1,13.5,,17.0,
MARCUS YARNS,RB,0.0,0.0,0.5,0.0,1,0.0,,0.0,
MARIO WILLIAMS,WR,0.0,0.0,0.5,0.0,1,0.0,,0.0,
MASON TAYLOR,TE,0.0,0.0,0.5,0.0,1,0.0,,0.0,
MATTHEW GOLDEN,WR,0.0,0.0,0.5,0.0,1,0.0,,0.0,
MIA DST,DST,6.6,6.6,0.5,0.0,1,6.6,,,
MIN DST,DST,8.8,8.8,0.5,0.0,1,8.8,,,
MITCHELL EVANS,TE,0.0,0.0,0.5,0.0,1,0.0,,0.0,
MOLIKI MATAVAO,TE,0.0,0.0,0.5,0.0,1,0.0,,0.0,
MONTRELL JOHNSON JR,RB,0.0,0.0,0.5,0.0,1,0.0,,0.0,
MOOSE MUHAMMAD III,WR,0.0,0.0,0.5,0.0,1,0.0,,0.0,
Matthew Wright,K,0.0,0.0,0.5,0.0,1,0.0,,,
N.ADKINS,WR,,,,,2,,16.0,12.0,0.0
N.AGHOLOR,WR,,,,,2,,16.0,25.0,0.0
N.Adkins,TE,43.5,43.5,0.5,0.0,1,43.5,,15.0,
N.Agholor,WR,52.6,52.6,0.5,0.0,1,52.6,,31.0,
N.BROWN,WR,,,,,2,,16.0,47.0,0.0
N.Brown,WR,86.3,86.3,0.5,0.0,1,86.3,,56.0,
N.CHUBB,RB,,,,,2,,16.0,7.0,67.0
N.COLLINS,WR,,,,,2,,16.0,88.0,0.0
N.Chubb,RB,63.3,63.3,0.5,0.0,1,63.3,,11.0,
N.Collins,WR,248.90001,248.90001,0.5,0.0,1,248.90001,,115.0,
N.FANT,WR,,,,,2,,16.0,51.0,0.0
N.Fant,TE,104.0,104.0,0.5,0.0,1,104.0,,64.0,
N.GRAY,WR,,,,,2,,16.0,41.0,0.0
N.Gray,TE,118.8,118.8,0.5,0.0,1,118.8,,53.0,
N.HARRIS,WR,,,,,2,,16.0,40.0,245.0
N.Harris,RB,213.40001,213.40001,0.5,0.0,1,213.40001,,51.0,
N.Mullens,QB,1.3199999,1.3199999,0.5,0.0,1,1.3199999,,0.0,
N.Remigio,WR,6.8,6.8,0.5,0.0,1,6.8,,6.0,
N.VANNETT,WR,,,,,2,,16.0,15.0,0.0
N.Vannett,TE,48.5,48.5,0.5,0.0,1,48.5,,20.0,
N.WESTBROOK,WR,,,,,2,,16.0,52.0,0.0
N.Westbrook-Ikhine,WR,135.7,135.7,0.5,0.0,1,135.7,,60.0,
NE DST,DST,5.4,5.4,0.5,0.0,1,5.4,,,
NICK NASH,WR,0.0,0.0,0.5,0.0,1,0.0,,0.0,
NO DST,DST,7.8,7.8,0.5,0.0,1,7.8,,,
NYG DST,DST,7.2,7.2,0.5,0.0,1,7.2,,,
NYJ DST,DST,5.6,5.6,0.5,0.0,1,5.6,,,
Nick Folk,K,6.9,6.9,0.5,0.0,1,6.9,,,
O.BECKHAM,WR,,,0.5,0.0,1,,16.0,14.0,0.0
O.Beckham,WR,14.5,14.5,0.5,0.0,1,14.5,,19.0,
O.ZACCHEAUS,WR,,,,,2,,16.0,40.0,1.0
O.Zaccheaus,WR,127.9,127.9,0.5,0.0,1,127.9,,74.0,
OLLIE GORDON II,RB,0.0,0.0,0.5,0.0,1,0.0,,0.0,
OMARION HAMPTON,RB,0.0,0.0,0.5,0.0,1,0.0,,0.0,
ORONDE GADSDEN II,TE,0.0,0.0,0.5,0.0,1,0.0,,0.0,
P.Brown,TE,12.5,12.5,0.5,0.0,1,12.5,,12.0,
P.Campbell,WR,15.0,15.0,0.5,0.0,1,15.0,,8.0,
P.DURHAM,WR,,,,,2,,16.0,8.0,0.0
P.Durham,TE,34.5,34.5,0.5,0.0,1,34.5,,14.0,
P.FREIERMUTH,WR,,,,,2,,16.0,63.0,0.0
P.Freiermuth,TE,172.8,172.8,0.5,0.0,1,172.8,,82.0,
P.Hendershot,TE,10.1,10.1,0.5,0.0,1,10.1,,5.0,
P.MAHOMES,QB,,,,,2,,16.0,3.0,54.0
P.Mahomes,QB,348.38,348.38,0.5,0.0,1,348.38,,1.0,
P.NACUA,WR,,,,,2,,16.0,100.0,0.0
P.Nacua,WR,232.4,232.4,0.5,0.0,1,232.4,,129.0,
P.STRONG,WR,,,,,2,,16.0,17.0,23.0
P.Strong,RB,35.2,35.2,0.5,0.0,1,35.2,,22.0,
P.TAYLOR,RB,,,,,2,,16.0,9.0,32.0
P.Taylor,RB,29.8,29.8,0.5,0.0,1,29.8,,11.0,
P.WASHINGTON,WR,,,,,2,,16.0,35.0,0.0
P.Washington,WR,97.0,97.0,0.5,0.0,1,97.0,,51.0,
PAT BRYANT,WR,0.0,0.0,0.5,0.0,1,0.0,,0.0,
PHI DST,DST,5.6,5.6,0.5,0.0,1,5.6,,,
PHIL MAFAH,RB,0.0,0.0,0.5,0.0,1,0.0,,0.0,
PIT DST,DST,6.1,6.1,0.5,0.0,1,6.1,,,
Q.JOHNSTON,WR,,,,,2,,16.0,68.0,3.0
Q.Johnston,WR,174.7,174.7,0.5,0.0,1,174.7,,96.0,
Q.Morris,TE,14.6,14.6,0.5,0.0,1,14.6,,8.0,
QUINN EWERS,QB,0.0,0.0,0.5,0.0,1,0.0,,0.0,
QUINSHON JUDKINS,RB,0.0,0.0,0.5,0.0,1,0.0,,0.0,
R.Ali,RB,3.1,3.1,0.5,0.0,1,3.1,,2.0,
R.BATEMAN,TE,,,,,2,,16.0,59.0,0.0
R.BLACKSHEAR,WR,,,0.5,0.0,1,,15.0,0.0,11.0
R.Bateman,WR,201.6,201.6,0.5,0.0,1,201.6,,79.0,
R.Bell,WR,4.2,4.2,0.5,0.0,1,4.2,,6.0,
R.Blackshear,RB,8.0,8.0,0.5,0.0,1,8.0,,0.0,
R.Chosen,WR,1.5,1.5,0.5,0.0,1,1.5,,4.0,
R.Cracraft,WR,13.6,13.6,0.5,0.0,1,13.6,,9.0,
R.DAVIS,WR,,,,,2,,16.0,18.0,69.0
R.DOUBS,WR,,,,,2,,16.0,65.0,0.0
R.DOWDLE,WR,,,,,2,,16.0,40.0,157.0
R.Davis,RB,125.7,125.7,0.5,0.0,1,125.7,,19.0,
R.Doubs,WR,135.4,135.4,0.5,0.0,1,135.4,,74.0,
R.Dowdle,RB,197.8,197.8,0.5,0.0,1,197.8,,49.0,
R.Dwelley,TE,1.5,1.5,0.5,0.0,1,1.5,,1.0,
R.FLOURNOY,WR,,,0.5,0.0,1,,16.0,11.0,0.0
R.Flournoy,WR,18.2,18.2,0.5,0.0,1,18.2,,14.0,
R.JOHNSON,WR,,,,,2,,16.0,19.0,27.0
R.Jarrett,WR,21.4,21.4,0.5,0.0,1,21.4,,11.0,
R.Johnson,RB,77.4,77.4,0.5,0.0,1,77.4,,20.0,
R.Keyton,WR,1.7,1.7,0.5,0.0,1,1.7,,3.0,
R.MCCLOUD,WR,,,,,2,,16.0,67.0,7.0
R.MILLER,WR,,,,,2,,16.0,12.0,0.0
R.MOSTERT,TE,,,,,2,,16.0,19.0,78.0
R.McCloud,WR,142.5,142.5,0.5,0.0,1,142.5,,87.0,
R.Miller,WR,36.8,36.8,0.5,0.0,1,36.8,,20.0,
R.Mostert,RB,70.9,70.9,0.5,0.0,1,70.9,,23.0,
R.ODUNZE,WR,,,,,2,,16.0,65.0,2.0
R.Odunze,WR,144.9,144.9,0.5,0.0,1,144.9,,101.0,
R.PEARSALL,WR,,,,,2,,16.0,31.0,2.0
R.Pearsall,WR,93.5,93.5,0.5,0.0,1,93.5,,46.0,
R.RICE,WR,,,,,2,,16.0,23.0,0.0
R.RIVERS,WR,,,,,2,,16.0,5.0,19.0
R.Rice,WR,64.9,64.9,0.5,0.0,1,64.9,,29.0,
R.Rivers,RB,19.1,19.1,0.5,0.0,1,19.1,,6.0,
R.SHAHEED,WR,,,,,2,,16.0,33.0,5.0
R.STEVENSON,TE,,,,,2,,16.0,36.0,137.0
R.Shaheed,WR,81.8,81.8,0.5,0.0,1,81.8,,41.0,
R.Stevenson,RB,175.9,175.9,0.5,0.0,1,175.9,,41.0,
R.WHITE,TE,,,,,2,,16.0,34.0,94.0
R.WILSON,WR,,,,,2,,16.0,2.0,20.0
R.WOODS,WR,,,,,2,,16.0,22.0,0.0
R.White,RB,203.1,203.1,0.5,0.0,1,203.1,,59.0,
R.Wilson,QB,192.18001,192.18001,0.5,0.0,1,192.18001,,0.0,
R.Woods,WR,42.5,42.5,0.5,0.0,1,42.5,,34.0,
RAHEIM SANDERS,RB,0.0,0.0,0.5,0.0,1,0.0,,0.0,
RICKY WHITE III,WR,0.0,0.0,0.5,0.0,1,0.0,,0.0,
RILEY LEONARD,QB,0.0,0.0,0.5,0.0,1,0.0,,0.0,
RJ HARVEY,RB,0.0,0.0,0.5,0.0,1,0.0,,0.0,
ROBBIE OUZTS,TE,0.0,0.0,0.5,0.0,1,0.0,,0.0,
ROC TAYLOR,WR,0.0,0.0,0.5,0.0,1,0.0,,0.0,
S.BARKLEY,RB,,,,,2,,16.0,28.0,293.0
S.Barkley,RB,455.7,455.7,0.5,0.0,1,455.7,,58.0,
S.DARNOLD,WR,,,,,2,,16.0,1.0,44.0
S.DIGGS,WR,,,,,2,,16.0,44.0,2.0
S.Darnold,QB,319.66,319.66,0.5,0.0,1,319.66,,0.0,
S.Diggs,WR,121.92,121.92,0.5,0.0,1,121.92,,64.0,
S.FEHOKO,WR,,,,,2,,16.0,13.0,0.0
S.Fehoko,WR,16.6,16.6,0.5,0.0,1,16.6,,16.0,
S.LAPORTA,WR,,,,,2,,16.0,66.0,0.0
S.LaPorta,TE,191.7,191.7,0.5,0.0,1,191.7,,90.0,
S.MCCORMICK,WR,,,,,2,,16.0,5.0,31.0
S.McCormick,RB,27.2,27.2,0.5,0.0,1,27.2,,7.0,
S.Miller,WR,11.9,11.9,0.5,0.0,1,11.9,,9.0,
S.PERINE,WR,,,,,2,,16.0,29.0,13.0
S.Perine,RB,84.9,84.9,0.5,0.0,1,84.9,,38.0,
S.RATTLER,WR,,,0.5,0.0,1,,15.0,0.0,11.0
S.Rattler,QB,67.28,67.28,0.5,0.0,1,67.28,,0.0,
S.SHEPARD,WR,,,,,2,,16.0,41.0,5.0
S.SMARTT,WR,,,,,2,,16.0,13.0,0.0
S.Shepard,WR,80.3,80.3,0.5,0.0,1,80.3,,51.0,
S.Sims,WR,2.9,2.9,0.5,0.0,1,2.9,,1.0,
S.Smartt,TE,34.8,34.8,0.5,0.0,1,34.8,,19.0,
S.TUCKER,WR,,,,,2,,16.0,7.0,33.0
S.Thompson,QB,7.88,7.88,0.5,0.0,1,7.88,,0.0,
S.Tucker,RB,68.7,68.7,0.5,0.0,1,68.7,,12.0,
S.Vaki,RB,8.1,8.1,0.5,0.0,1,8.1,,3.0,
S.Zylstra,TE,3.2,3.2,0.5,0.0,1,3.2,,1.0,
SAM BROWN JR,WR,0.0,0.0,0.5,0.0,1,0.0,,0.0,
SAVION WILLIAMS,WR,0.0,0.0,0.5,0.0,1,0.0,,0.0,
SEA DST,DST,8.0,8.0,0.5,0.0,1,8.0,,,
SETH HENIGAN,QB,0.0,0.0,0.5,0.0,1,0.0,,0.0,
SF DST,DST,7.6,7.6,0.5,0.0,1,7.6,,,
SHEDEUR SANDERS,QB,0.0,0.0,0.5,0.0,1,0.0,,0.0,
Spencer Shrader,K,7.0,7.0,0.5,0.0,1,7.0,,,
T.ALLGEIER,WR,,,,,2,,16.0,10.0,99.0
T.ATWELL,WR,,,,,2,,16.0,42.0,1.0
T.Allgeier,RB,106.2,106.2,0.5,0.0,1,106.2,,13.0,
T.Atwell,WR,101.7,101.7,0.5,0.0,1,101.7,,63.0,
T.BADIE,WR,,,,,2,,16.0,2.0,9.0
T.BENSON,WR,,,,,2,,16.0,4.0,38.0
T.BIGSBY,WR,,,,,2,,16.0,9.0,111.0
T.BOYD,WR,,,,,2,,16.0,44.0,0.0
T.Badie,RB,10.2,10.2,0.5,0.0,1,10.2,,3.0,
T.Benson,RB,47.0,47.0,0.5,0.0,1,47.0,,6.0,
T.Bigsby,RB,129.0,129.0,0.5,0.0,1,129.0,,12.0,
T.Boyd,WR,78.3,78.3,0.5,0.0,1,78.3,,57.0,
T.Boyle,QB,13.940001,13.940001,0.5,0.0,1,13.940001,,0.0,
T.Bridgewater,QB,0.12,0.12,0.5,0.0,1,0.12,,0.0,
T.Burks,WR,7.5,7.5,0.5,0.0,1,7.5,,8.0,
T.CHANDLER,WR,,,,,2,,16.0,5.0,42.0
T.CONKLIN,WR,,,,,2,,16.0,62.0,0.0
T.Chandler,RB,28.4,28.4,0.5,0.0,1,28.4,,6.0,
T.Conklin,TE,121.9,121.9,0.5,0.0,1,121.9,,72.0,
T.Conner,WR,4.6,4.6,0.5,0.0,1,4.6,,4.0,
T.DELL,WR,,,,,2,,16.0,68.0,7.0
T.Davis-Price,RB,0.7,0.7,0.5,0.0,1,0.7,,0.0,
T.DeVito,QB,13.4800005,13.4800005,0.5,0.0,1,13.4800005,,0.0,
T.Dell,WR,140.0,140.0,0.5,0.0,1,140.0,,81.0,
T.ETIENNE,WR,,,,,2,,16.0,34.0,111.0
T.Etienne,RB,130.2,130.2,0.5,0.0,1,130.2,,52.0,
T.FRANKLIN,WR,,,,,2,,16.0,39.0,1.0
T.Fisk,TE,13.4,13.4,0.5,0.0,1,13.4,,9.0,
T.Franklin,WR,80.5,80.5,0.5,0.0,1,80.5,,56.0,
T.GOODSON,WR,,,,,2,,16.0,12.0,27.0
T.Goodson,RB,44.4,44.4,0.5,0.0,1,44.4,,15.0,
T.HIGBEE,WR,,,,,2,,16.0,21.0,0.0
T.HIGGINS,WR,,,,,2,,16.0,79.0,0.0
T.HILL,WR,,,,,2,,16.0,100.0,0.0
T.HOCKENSON,WR,,,,,2,,16.0,45.0,0.0
T.HUDSON,WR,,,,,2,,16.0,19.0,0.0
T.HUNTLEY,WR,,,,,2,,16.0,0.0,17.0
T.Heinicke,QB,3.1200001,3.1200001,0.5,0.0,1,3.1200001,,0.0,
T.Higbee,TE,55.8,55.8,0.5,0.0,1,55.8,,27.0,
T.Higgins,WR,222.09999,222.09999,0.5,0.0,1,222.09999,,109.0,
T.Hill,TE,102.34,160.26999999999998,0.016969285593076533,-0.5285583941605839,16,2564.3199999999997,,31.0,
T.Hockenson,TE,103.899994,103.899994,0.5,0.0,1,103.899994,,67.0,
T.Homer,RB,6.3999996,6.3999996,0.5,0.0,1,6.3999996,,3.0,
T.Hudson,TE,38.5,38.5,0.5,0.0,1,38.5,,23.0,
T.Huntley,QB,60.66,60.66,0.5,0.0,1,60.66,,0.0,
T.Irwin,WR,4.5,4.5,0.5,0.0,1,4.5,,10.0,
T.JOHNSON,WR,,,,,2,,16.0,70.0,0.0
T.Jennings,RB,3.3,3.3,0.5,0.0,1,3.3,,1.0,
T.Johnson,WR,61.1,81.23333333333335,0.04049232494096621,-0.10130246020260483,81,6579.9,,41.0,
T.Jones,WR,7.1,9.3,0.3125,-0.35200000000000004,16,148.8,,5.0,
T.KELCE,TE,,,,,2,,16.0,93.0,0.0
T.KRAFT,WR,,,,,2,,16.0,60.0,4.0
T.Kelce,TE,231.9,231.9,0.5,0.0,1,231.9,,151.0,
T.Kraft,TE,171.9,171.9,0.5,0.0,1,171.9,,75.0,
T.LAWRENCE,WR,,,0.5,0.0,1,,16.0,0.0,18.0
T.LOCKETT,WR,,,,,2,,16.0,60.0,0.0
T.Lance,QB,12.74,12.74,0.5,0.0,1,12.74,,0.0,
T.Lawrence,QB,145.7,145.7,0.5,0.0,1,145.7,,0.0,
T.Lockett,WR,121.0,121.0,0.5,0.0,1,121.0,,74.0,
T.MCBRIDE,WR,,,,,2,,16.0,129.0,0.0
T.MCLAURIN,WR,,,,,2,,16.0,69.0,1.0
T.MUNFORD,WR,,,,,2,,16.0,0.0,19.0
T.Marshall,WR,7.1,7.1,0.5,0.0,1,7.1,,6.0,
T.Martin,WR,11.9,11.9,0.5,0.0,1,11.9,,2.0,
T.McAllister,RB,1.1,1.1,0.5,0.0,1,1.1,,0.0,
T.McBride,TE,243.8,243.8,0.5,0.0,1,243.8,,147.0,
T.McKee,QB,28.82,28.82,0.5,0.0,1,28.82,,0.0,
T.McLaurin,WR,322.5,322.5,0.5,0.0,1,322.5,,140.0,
T.PALMER,WR,,,,,2,,16.0,17.0,0.0
T.PATRICK,WR,,,,,2,,16.0,44.0,0.0
T.POLLARD,WR,,,,,2,,16.0,54.0,189.0
T.Palmer,WR,35.2,35.2,0.5,0.0,1,35.2,,22.0,
T.Patrick,WR,95.6,95.6,0.5,0.0,1,95.6,,48.0,
T.Pollard,RB,200.7,200.7,0.5,0.0,1,200.7,,57.0,
T.Reiman,TE,9.7,9.7,0.5,0.0,1,9.7,,7.0,
T.SERMON,WR,,,,,2,,16.0,14.0,44.0
T.SPEARS,WR,,,,,2,,16.0,27.0,46.0
T.Scott,WR,1.5,1.5,0.5,0.0,1,1.5,,1.0,
T.Sermon,RB,53.8,53.8,0.5,0.0,1,53.8,,19.0,
T.Shavers,WR,13.9,13.9,0.5,0.0,1,13.9,,1.0,
T.Sherfield,WR,25.1,25.1,0.5,0.0,1,25.1,,12.0,
T.Spears,RB,113.6,113.6,0.5,0.0,1,113.6,,35.0,
T.TRACY,WR,,,,,2,,16.0,37.0,160.0
T.TREMBLE,WR,,,,,2,,16.0,24.0,0.0
T.TUCKER,WR,,,,,2,,16.0,64.0,5.0
T.Tagovailoa,QB,181.58,181.58,0.5,0.0,1,181.58,,0.0,
T.Taylor,WR,2.1,11.08,0.1002004008016032,-0.852801519468186,16,177.28,,1.0,
T.Thornton,WR,8.7,8.7,0.5,0.0,1,8.7,,8.0,
T.Tracy,RB,182.3,182.3,0.5,0.0,1,182.3,,53.0,
T.Tremble,TE,56.4,56.4,0.5,0.0,1,56.4,,32.0,
T.Tucker,WR,129.3,129.3,0.5,0.0,1,129.3,,81.0,
T.WALLACE,WR,,,,,2,,16.0,12.0,0.0
T.Wallace,WR,43.1,43.1,0.5,0.0,1,43.1,,15.0,
TAHJ BROOKS,RB,0.0,0.0,0.5,0.0,1,0.0,,0.0,
TAI FELTON,WR,0.0,0.0,0.5,0.0,1,0.0,,0.0,
TB DST,DST,8.1,8.1,0.5,0.0,1,8.1,,,
TEN DST,DST,6.3,6.3,0.5,0.0,1,6.3,,,
TERRANCE FERGUSON,TE,0.0,0.0,0.5,0.0,1,0.0,,0.0,
TETAIROA MCMILLAN,WR,0.0,0.0,0.5,0.0,1,0.0,,0.0,
TEZ JOHNSON,WR,0.0,0.0,0.5,0.0,1,0.0,,0.0,
THEO WEASE JR,WR,0.0,0.0,0.5,0.0,1,0.0,,0.0,
THOMAS FIDONE II,TE,0.0,0.0,0.5,0.0,1,0.0,,0.0,
TOMMY MELLOTT,QB,0.0,0.0,0.5,0.0,1,0.0,,0.0,
TORY HORTON,WR,0.0,0.0,0.5,0.0,1,0.0,,0.0,
TRAESHIN HOLDEN,WR,0.0,0.0,0.5,0.0,1,0.0,,0.0,
TRAVIS HUNTER,WR,0.0,0.0,0.5,0.0,1,0.0,,0.0,
TRE HARRIS,WR,0.0,0.0,0.5,0.0,1,0.0,,0.0,
TREVEYON HENDERSON,RB,0.0,0.0,0.5,0.0,1,0.0,,0.0,
TREVOR ETIENNE,RB,0.0,0.0,0.5,0.0,1,0.0,,0.0,
TYLER SHOUGH,QB,0.0,0.0,0.5,0.0,1,0.0,,0.0,
TYLER WARREN,TE,0.0,0.0,0.5,0.0,1,0.0,,0.0,
Tyler Bass,K,8.2,8.2,0.5,0.0,1,8.2,,,
ULYSSES BENTLEY IV,RB,0.0,0.0,0.5,0.0,1,0.0,,0.0,
V.JEFFERSON,WR,,,,,2,,16.0,35.0,0.0
V.Jefferson,WR,75.3,75.3,0.5,0.0,1,75.3,,42.0,
V.Jones,RB,2.9,2.9,0.5,0.0,1,2.9,,1.0,
W.DISSLY,WR,,,,,2,,16.0,49.0,0.0
W.Dissly,TE,113.7,113.7,0.5,0.0,1,113.7,,69.0,
W.LEVIS,WR,,,,,2,,16.0,0.0,33.0
W.Levis,QB,119.94,119.94,0.5,0.0,1,119.94,,0.0,
W.Mallory,TE,6.9,6.9,0.5,0.0,1,6.9,,8.0,
W.ROBINSON,WR,,,,,2,,16.0,108.0,2.0
W.Robinson,WR,182.7,182.7,0.5,0.0,1,182.7,,140.0,
W.SHIPLEY,WR,,,,,2,,16.0,3.0,19.0
W.Shipley,RB,29.4,29.4,0.5,0.0,1,29.4,,4.0,
WAS DST,DST,5.9,5.9,0.5,0.0,1,5.9,,,
WILL HOWARD,QB,0.0,0.0,0.5,0.0,1,0.0,,0.0,
WILL SHEPPARD,WR,0.0,0.0,0.5,0.0,1,0.0,,0.0,
WOODY MARKS,RB,0.0,0.0,0.5,0.0,1,0.0,,0.0,
Wil Lutz,K,6.2,6.2,0.5,0.0,1,6.2,,,
Will Reichard,K,6.7,6.7,0.5,0.0,1,6.7,,,
X.Gipson,WR,16.4,16.4,0.5,0.0,1,16.4,,10.0,
X.HUTCHINSON,WR,,,,,2,,16.0,18.0,0.0
X.Hutchinson,WR,37.3,37.3,0.5,0.0,1,37.3,,33.0,
X.LEGETTE,TE,,,,,2,,16.0,70.0,4.0
X.Legette,WR,125.1,125.1,0.5,0.0,1,125.1,,84.0,
X.Smith,WR,6.2,6.2,0.5,0.0,1,6.2,,2.0,
X.WORTHY,WR,,,,,2,,16.0,85.0,13.0
X.Worthy,WR,253.7,253.7,0.5,0.0,1,253.7,,119.0,
XAVIER RESTREPO,WR,0.0,0.0,0.5,0.0,1,0.0,,0.0,
Younghoe Koo,K,7.8,7.8,0.5,0.0,1,7.8,,,
Z.CHARBONNET,RB,,,,,2,,16.0,38.0,104.0
Z.Charbonnet,RB,183.7,183.7,0.5,0.0,1,183.7,,52.0,
Z.Davidson,TE,1.5,1.5,0.5,0.0,1,1.5,,2.0,
Z.ERTZ,WR,,,,,2,,16.0,67.0,0.0
Z.Ertz,TE,216.9,216.9,0.5,0.0,1,216.9,,116.0,
Z.FLOWERS,WR,,,,,2,,16.0,81.0,7.0
Z.Flowers,WR,209.5,209.5,0.5,0.0,1,209.5,,116.0,
Z.JONES,WR,,,0.5,0.0,1,,16.0,13.0,0.0
Z.Jones,WR,16.400002,16.400002,0.5,0.0,1,16.400002,,11.0,
Z.MOSS,WR,,,,,2,,16.0,18.0,46.0
Z.Moss,RB,81.9,81.9,0.5,0.0,1,81.9,,27.0,
Z.WHITE,TE,,,,,2,,16.0,6.0,49.0
Z.White,RB,29.3,29.3,0.5,0.0,1,29.3,,8.0,
ZAKHARI FRANKLIN,WR,0.0,0.0,0.5,0.0,1,0.0,,0.0,
